ClientID,CompanyName,PhoneNumber,Email,Country,State,City
1,"Schimmel, Dickens and Kovacek",214-923-7397,bgauch0@1und1.de,United States,TX,Dallas
2,Pacocha Group,202-161-9164,mtytherton1@parallels.com,United States,DC,Washington
3,Schuppe Group,215-246-9808,lvlasenkov2@wix.com,United States,PA,Philadelphia
4,Gerhold-Hermann,559-855-1785,yferryn3@wordpress.org,United States,CA,Fresno
5,Steuber Inc,202-211-0844,btash4@nsw.gov.au,United States,DC,Washington
6,Herzog Group,210-786-9742,xwalhedd5@irs.gov,United States,TX,San Antonio
7,"Becker, Monahan and Cruickshank",406-573-1216,bfawcitt6@reverbnation.com,United States,MT,Billings
8,Hettinger-Pagac,615-107-4679,agwatkins7@imageshack.us,United States,TN,Nashville
9,VonRueden-Robel,314-925-9418,ecerie8@bbc.co.uk,United States,MO,Saint Louis
10,Jakubowski LLC,646-378-5109,nonolan9@indiatimes.com,United States,NY,New York City
11,Lueilwitz-Ruecker,408-172-6042,rmechia@godaddy.com,United States,CA,San Jose
12,Pagac-Vandervort,606-544-6998,mhaggartb@booking.com,United States,KY,London
13,Schowalter-Kozey,504-254-8607,mandrysiakc@freewebs.com,United States,LA,New Orleans
14,Baumbach-Kozey,601-482-7520,gwaked@cbc.ca,United States,MS,Jackson
15,Durgan-Christiansen,484-105-3113,jsawfoote@auda.org.au,United States,PA,Reading
16,Huels-Smitham,505-323-8482,hfernantf@techcrunch.com,United States,NM,Albuquerque
17,"Kiehn, Denesik and Abshire",703-427-1369,vsavageg@cyberchimps.com,United States,DC,Washington
18,Thompson LLC,216-153-7524,jgirauldh@va.gov,United States,OH,Cleveland
19,"Funk, Farrell and Friesen",817-618-6560,glequesnei@hugedomains.com,United States,TX,Fort Worth
20,Schmidt Group,913-930-1270,nleggj@unicef.org,United States,KS,Kansas City
21,"Muller, McKenzie and Jacobi",651-825-1455,colenanek@shinystat.com,United States,MN,Saint Paul
22,Torp-Hessel,502-192-9783,slittl@stumbleupon.com,United States,KY,Louisville
23,Graham-Harber,561-825-8171,pgettensm@npr.org,United States,FL,Boynton Beach
24,Windler-Funk,318-612-3085,eandrinin@artisteer.com,United States,LA,Shreveport
25,Oberbrunner and Sons,202-194-8681,obainbriggeo@usgs.gov,United States,DC,Washington
26,Hodkiewicz LLC,419-597-4596,hnoirp@prweb.com,United States,OH,Toledo
27,"Hettinger, Rippin and Adams",936-731-3475,kodcroftq@google.com.br,United States,TX,Houston
28,Wuckert LLC,202-620-8662,orobkerr@mayoclinic.com,United States,DC,Washington
29,Rutherford-Lebsack,360-996-5712,fdovingtons@posterous.com,United States,WA,Olympia
30,Johns and Sons,770-297-6996,elodeket@bbc.co.uk,United States,GA,Atlanta
31,"Weimann, Corwin and Maggio",716-976-7634,akiteu@samsung.com,United States,NY,Buffalo
32,O'Reilly-Nicolas,515-843-0824,igarretsonv@mail.ru,United States,IA,Des Moines
33,Gibson-Effertz,419-527-6143,cuebelw@va.gov,United States,OH,Toledo
34,"Ebert, Senger and Blick",304-952-6106,tprescottx@mlb.com,United States,WV,Charleston
35,Schamberger-Sipes,615-659-7239,achadneyy@answers.com,United States,TN,Murfreesboro
36,Kassulke-Quigley,828-265-9345,ghassenz@hostgator.com,United States,NC,Asheville
37,Thompson-Schmitt,318-498-3051,sblamire10@columbia.edu,United States,LA,Alexandria
38,"Gusikowski, Bergstrom and Steuber",806-735-0559,drafferty11@godaddy.com,United States,TX,Amarillo
39,"Schmeler, Jerde and Nikolaus",253-644-2604,phails12@whitehouse.gov,United States,WA,Olympia
40,"Yundt, Botsford and Shanahan",832-516-7209,gmallam13@indiatimes.com,United States,TX,Houston
41,Rolfson Group,615-897-7304,choundson14@github.com,United States,TN,Nashville
42,"Carroll, Powlowski and Wuckert",813-688-0930,ahows15@npr.org,United States,FL,Tampa
43,"Smith, Gleason and Toy",612-262-9428,lmcevilly16@dot.gov,United States,MN,Minneapolis
44,"Ziemann, Lesch and Wunsch",850-125-5053,kdyne17@free.fr,United States,FL,Pensacola
45,"Wilderman, Kulas and Emard",801-989-9433,bstoggles18@usgs.gov,United States,UT,Salt Lake City
46,Larkin-O'Connell,706-916-6279,adyzart19@tmall.com,United States,GA,Columbus
47,"Kuhlman, Medhurst and Williamson",801-662-5622,vgadesby1a@imageshack.us,United States,UT,Salt Lake City
48,Blanda LLC,651-236-8503,slees1b@shareasale.com,United States,MN,Saint Paul
49,"DuBuque, Kutch and Mosciski",915-108-3130,rsimion1c@cafepress.com,United States,TX,El Paso
50,Lesch-Kuvalis,617-843-0322,bnottram1d@bloglines.com,United States,MA,Boston
51,"Walsh, Johns and Batz",915-948-7761,tnorres1e@naver.com,United States,TX,El Paso
52,"Konopelski, Barton and Maggio",408-705-2595,dvigurs1f@rakuten.co.jp,United States,CA,San Jose
53,Larson-Grimes,419-992-5270,bkochs1g@lulu.com,United States,OH,Toledo
54,"Bruen, Anderson and Kuhic",785-634-6725,mchafer1h@utexas.edu,United States,KS,Topeka
55,"Russel, Treutel and Kunze",202-964-2248,tganter1i@ameblo.jp,United States,DC,Washington
56,Kilback-Gleichner,702-169-6192,cmildner1j@google.de,United States,NV,Las Vegas
57,Kautzer LLC,254-669-8292,aminillo1k@unicef.org,United States,TX,Waco
58,Denesik-Stokes,610-997-6436,cbarfoot1l@dmoz.org,United States,PA,Allentown
59,Pouros-O'Conner,979-572-2163,atureville1m@earthlink.net,United States,TX,Bryan
60,Senger and Sons,972-101-4531,kpedracci1n@un.org,United States,TX,Denton
61,"Dooley, Cole and Zulauf",202-902-0773,agumn1o@wikia.com,United States,DC,Washington
62,Blick and Sons,229-249-9256,cswettenham1p@joomla.org,United States,GA,Valdosta
63,"Grimes, Klein and Feil",202-508-3905,tgreder1q@blogtalkradio.com,United States,DC,Washington
64,Kozey-Connelly,253-960-2915,rmetzel1r@yandex.ru,United States,WA,Olympia
65,"Denesik, Daniel and Kulas",410-572-4240,lgoldsby1s@smh.com.au,United States,MD,Baltimore
66,"Wehner, Corwin and Ratke",602-772-6076,gromanet1t@nytimes.com,United States,AZ,Phoenix
67,Kuphal-Schmeler,310-361-9206,sbaversor1u@simplemachines.org,United States,CA,Fresno
68,"Blick, Johnson and Monahan",417-680-9826,tlawlings1v@bloglines.com,United States,MO,Springfield
69,"Howell, Kessler and Kautzer",404-552-3519,jmibourne1w@yellowbook.com,United States,GA,Atlanta
70,Yost and Sons,858-621-4764,sfury1x@wikia.com,United States,CA,San Diego
71,Hodkiewicz Group,682-353-6677,rcasaro1y@last.fm,United States,TX,Fort Worth
72,Boyer-Lockman,412-749-4471,lpayze1z@tinypic.com,United States,PA,Pittsburgh
73,"Smitham, Collins and Wunsch",210-357-3969,sjordon20@google.de,United States,TX,San Antonio
74,Kunde-Gislason,919-806-4287,rshelliday21@independent.co.uk,United States,NC,Durham
75,Corkery-Kozey,713-903-2935,qhaggerstone22@webeden.co.uk,United States,TX,Houston
76,"Hartmann, Ferry and Collier",469-559-9549,swoollacott23@ning.com,United States,TX,Dallas
77,Raynor-Rippin,801-320-3604,mblackah24@salon.com,United States,UT,Salt Lake City
78,"Reichert, Mosciski and Howell",405-158-6237,ssignori25@flavors.me,United States,OK,Oklahoma City
79,Wuckert-Cummings,812-297-8001,ndaniell26@google.cn,United States,IN,Evansville
80,"Koch, Shanahan and Homenick",310-103-7160,mkahen27@gnu.org,United States,CA,Santa Monica
81,Bartell-Rice,229-275-2016,jfarnaby28@tiny.cc,United States,GA,Decatur
82,"Hoeger, Cronin and Blick",314-983-5679,ggommes29@washington.edu,United States,MO,Saint Louis
83,Marquardt-Schroeder,229-583-1799,jmaltman2a@prnewswire.com,United States,GA,Lawrenceville
84,Ritchie-Armstrong,781-627-8118,kferens2b@reverbnation.com,United States,MA,Springfield
85,"Keeling, D'Amore and Hackett",323-149-9174,njosling2c@wix.com,United States,CA,Los Angeles
86,Rau and Sons,801-917-1724,rstanes2d@cmu.edu,United States,UT,Ogden
87,"Dach, Russel and Gusikowski",865-178-1951,ljohnigan2e@apple.com,United States,TN,Knoxville
88,"Gleason, Wisoky and Paucek",229-241-9226,nmitton2f@slate.com,United States,GA,Decatur
89,Koepp-O'Connell,803-867-1227,grathbourne2g@eepurl.com,United States,SC,Columbia
90,Hermann-Mitchell,213-412-7971,aaggiss2h@yellowbook.com,United States,CA,Los Angeles
91,VonRueden-Kirlin,775-125-3604,jbettley2i@jugem.jp,United States,NV,Sparks
92,Beer-Runolfsson,313-816-0587,ghabbert2j@linkedin.com,United States,MI,Detroit
93,"Buckridge, Hand and Hermann",816-343-0340,scolbert2k@toplist.cz,United States,MO,Kansas City
94,Romaguera and Sons,901-695-1571,asnedker2l@plala.or.jp,United States,TN,Memphis
95,"Stoltenberg, Lang and Senger",214-599-6168,arosenthal2m@skype.com,United States,TX,Denton
96,Hand-Russel,979-634-5799,chemms2n@huffingtonpost.com,United States,TX,Bryan
97,Hane-Bayer,713-709-5225,twaine2o@icio.us,United States,TX,Houston
98,Stroman-Abernathy,402-953-3992,fkinde2p@independent.co.uk,United States,NE,Lincoln
99,Parker-Gusikowski,480-103-4261,kcaswill2q@unesco.org,United States,AZ,Scottsdale
100,Steuber-Ratke,321-683-8676,jhucks2r@jigsy.com,United States,FL,Orlando
101,"Wunsch, Dickens and Lubowitz",973-888-2955,jgarthside2s@de.vu,United States,NJ,Paterson
102,"Rosenbaum, MacGyver and Hermiston",432-424-3032,cmagovern2t@paypal.com,United States,TX,Midland
103,Monahan Inc,202-314-4458,mbugg2u@nydailynews.com,United States,DC,Washington
104,Considine-Mueller,814-439-1910,zdomingues2v@dailymail.co.uk,United States,PA,Erie
105,King-Kunde,402-111-4489,rjoinson2w@altervista.org,United States,NE,Lincoln
106,"Boehm, Jenkins and Schowalter",916-355-0610,bgabbot2x@foxnews.com,United States,CA,Sacramento
107,Christiansen-Ruecker,202-223-8170,gdaviddi2y@cnn.com,United States,DC,Washington
108,"Johns, Frami and Kuhlman",615-933-7135,asanford2z@wp.com,United States,TN,Nashville
109,"Schmitt, Kihn and Crooks",808-760-7830,hgaffey30@theguardian.com,United States,HI,Honolulu
110,Ullrich-Hilpert,607-528-5573,hsebyer31@earthlink.net,United States,NY,Elmira
111,Johnston-Hilll,231-709-7906,gohallagan32@imgur.com,United States,MI,Muskegon
112,Mante LLC,480-323-6787,spoulett33@telegraph.co.uk,United States,AZ,Scottsdale
113,"Monahan, Schimmel and Blanda",612-777-0848,fgiorio34@flickr.com,United States,MN,Minneapolis
114,Walker Inc,602-926-9387,fpetrillo35@omniture.com,United States,AZ,Phoenix
115,Stanton-Swaniawski,480-696-1990,cskelton36@reverbnation.com,United States,AZ,Mesa
116,"Nicolas, Cummings and Tillman",304-992-6940,gaire37@unesco.org,United States,WV,Huntington
117,"Fritsch, Nikolaus and Lebsack",419-128-2086,yleese38@bbc.co.uk,United States,OH,Toledo
118,"Terry, Breitenberg and O'Hara",402-979-6246,dswigg39@biblegateway.com,United States,NE,Omaha
119,Rutherford-Hand,209-582-8804,rslyme3a@chicagotribune.com,United States,CA,Stockton
120,"Runolfsdottir, Rogahn and Gerhold",318-558-8124,ggypps3b@mayoclinic.com,United States,LA,Shreveport
121,Dibbert LLC,312-956-1576,amarzella3c@twitpic.com,United States,IL,Chicago
122,"Waters, Hodkiewicz and Schmidt",256-332-2253,gpoll3d@army.mil,United States,AL,Huntsville
123,"Harvey, Bashirian and Mante",602-962-7454,lfacer3e@ftc.gov,United States,AZ,Phoenix
124,"Mante, Beahan and Sanford",248-501-1405,csally3f@cisco.com,United States,MI,Farmington
125,Volkman-McClure,203-686-5969,iblore3g@google.ca,United States,CT,Danbury
126,Bruen-Olson,616-553-5841,cdillimore3h@weibo.com,United States,MI,Grand Rapids
127,Thiel Group,916-249-7265,jtremain3i@theatlantic.com,United States,CA,Sacramento
128,Grady-Wehner,773-498-5960,sbulluck3j@npr.org,United States,IL,Chicago
129,"Heathcote, Dooley and Feil",714-441-3943,gwaind3k@webs.com,United States,CA,Santa Ana
130,Adams-Strosin,972-693-2445,sjovasevic3l@scribd.com,United States,TX,Mesquite
131,"Labadie, Swaniawski and Purdy",601-420-2714,cmacclay3m@storify.com,United States,MS,Jackson
132,"Prohaska, Lueilwitz and Stracke",313-244-6290,okaszper3n@si.edu,United States,MI,Detroit
133,Reichert Group,863-828-5308,amacon3o@mysql.com,United States,FL,Lakeland
134,Schuppe and Sons,619-206-0002,tgorling3p@altervista.org,United States,CA,San Diego
135,Hansen-Waters,239-312-4627,smabbot3q@weebly.com,United States,FL,Naples
136,"Crona, Goyette and Reinger",602-643-7958,tspybey3r@deliciousdays.com,United States,AZ,Chandler
137,"Jenkins, Roob and Wiza",256-803-5432,mmarini3s@ezinearticles.com,United States,AL,Anniston
138,Mraz-Daugherty,813-575-4730,kwallbrook3t@npr.org,United States,FL,Tampa
139,Lueilwitz-Lehner,763-461-2570,hbrundale3u@ehow.com,United States,MN,Minneapolis
140,Bartoletti-Dibbert,410-301-6857,atwidell3v@instagram.com,United States,MD,Baltimore
141,"McDermott, Rolfson and Kiehn",607-955-6766,mcoatts3w@ow.ly,United States,NY,Elmira
142,Moore-Erdman,347-460-5679,mbalnaves3x@umich.edu,United States,NY,Bronx
143,"Littel, Rosenbaum and Boyer",260-289-3353,ghuguenet3y@people.com.cn,United States,IN,Fort Wayne
144,Rath-Gleason,304-986-2020,aspurge3z@wordpress.com,United States,WV,Charleston
145,Larkin LLC,321-687-7279,abrooker40@prnewswire.com,United States,FL,Orlando
146,Hilpert LLC,661-471-6843,jspedding41@ftc.gov,United States,CA,Lancaster
147,Wunsch Group,616-761-0246,kjeppensen42@tuttocitta.it,United States,MI,Grand Rapids
148,Reilly-Emmerich,713-399-5355,abuten43@imdb.com,United States,TX,Houston
149,Rowe-Oberbrunner,917-584-7115,bhargitt44@mapquest.com,United States,NY,New York City
150,Stark LLC,757-154-3303,pdriffe45@aboutads.info,United States,VA,Newport News
151,"Denesik, Green and Bosco",225-171-5316,tduffil46@posterous.com,United States,LA,Baton Rouge
152,"Maggio, Crooks and Bergstrom",415-717-8869,ballone47@mashable.com,United States,CA,San Francisco
153,Bernhard-Ortiz,229-666-7574,gbowers48@accuweather.com,United States,GA,Lawrenceville
154,Aufderhar and Sons,516-482-4461,ppancoast49@huffingtonpost.com,United States,NY,Great Neck
155,Littel Group,862-472-9433,dgrzesiak4a@scientificamerican.com,United States,NJ,Newark
156,Pfannerstill Group,518-950-2439,rgimenez4b@hexun.com,United States,NY,Albany
157,Herzog Inc,502-204-3241,dnorthern4c@oakley.com,United States,KY,Louisville
158,"Wisoky, Labadie and Beer",612-497-2611,akepp4d@unicef.org,United States,MN,Minneapolis
159,Batz and Sons,702-260-5566,malwell4e@blogtalkradio.com,United States,NV,Las Vegas
160,Marvin-Larkin,803-779-5258,jjervois4f@dropbox.com,United States,SC,Columbia
161,Prosacco Group,760-305-1516,dwestnedge4g@slideshare.net,United States,CA,Carlsbad
162,Cremin Inc,718-645-0309,cbentote4h@soup.io,United States,NY,Flushing
163,Wolf Group,904-943-9915,cdevlin4i@jugem.jp,United States,FL,Jacksonville
164,Beatty-Schmeler,469-550-1125,gelcox4j@bloomberg.com,United States,TX,Dallas
165,Hudson Inc,323-186-2114,ydebrett4k@desdev.cn,United States,CA,Los Angeles
166,Parker and Sons,213-230-2253,aprayer4l@google.fr,United States,CA,Los Angeles
167,Powlowski-Hilpert,704-499-7720,wmcgreay4m@hhs.gov,United States,NC,Charlotte
168,Kozey and Sons,651-957-0626,cwitling4n@rambler.ru,United States,MN,Saint Paul
169,Crooks Group,785-471-9541,clarmouth4o@google.co.uk,United States,KS,Topeka
170,Cormier-Franecki,267-835-1460,jmanes4p@networksolutions.com,United States,PA,Philadelphia
171,"Towne, Predovic and Brekke",585-382-8166,rglanders4q@behance.net,United States,NY,Rochester
172,"Douglas, Leuschke and Muller",419-514-1066,ksenechault4r@lycos.com,United States,OH,Toledo
173,Schroeder-Hartmann,813-322-4198,tcockcroft4s@posterous.com,United States,FL,Tampa
174,"Rippin, Grant and Considine",775-551-1543,cbramham4t@yale.edu,United States,NV,Reno
175,"Cole, Satterfield and Kovacek",312-546-9022,ctompsett4u@hibu.com,United States,IL,Chicago
176,Spinka and Sons,202-820-6575,dbarns4v@cornell.edu,United States,DC,Washington
177,"Streich, Hettinger and Beahan",941-424-9870,bsaurin4w@theatlantic.com,United States,FL,Pinellas Park
178,Jaskolski Group,210-706-0921,blinney4x@deviantart.com,United States,TX,San Antonio
179,Jacobson Inc,702-542-2515,geldershaw4y@cmu.edu,United States,NV,Las Vegas
180,"Denesik, Purdy and Harvey",540-222-3181,fpoile4z@php.net,United States,VA,Roanoke
181,Hilpert Inc,801-592-0016,mhasluck50@themeforest.net,United States,UT,Ogden
182,Towne-Hintz,804-153-0836,sbankhurst51@netscape.com,United States,VA,Richmond
183,Shields Inc,414-587-2866,tkornilov52@state.gov,United States,WI,Milwaukee
184,"Crist, Lebsack and Rogahn",915-300-1200,mmclese53@sphinn.com,United States,TX,El Paso
185,Stracke Inc,915-606-9606,onorthley54@google.com,United States,TX,El Paso
186,"Kshlerin, Armstrong and Toy",302-369-4801,gemanuelli55@vinaora.com,United States,DE,Wilmington
187,Stokes LLC,402-777-6790,ihovey56@marketwatch.com,United States,NE,Lincoln
188,Hills Group,614-367-7602,dpennuzzi57@sourceforge.net,United States,OH,Columbus
189,MacGyver and Sons,585-250-2246,rfilippov58@wikipedia.org,United States,NY,Rochester
190,Bruen-Goyette,801-403-1732,edonizeau59@chicagotribune.com,United States,UT,Salt Lake City
191,"Nicolas, Kling and Quitzon",772-581-6324,kwakeham5a@simplemachines.org,United States,FL,Fort Pierce
192,DuBuque and Sons,813-975-3424,bcearley5b@51.la,United States,FL,Tampa
193,Armstrong Group,260-356-4774,jmaria5c@google.cn,United States,IN,Fort Wayne
194,Cruickshank-Reynolds,260-242-3307,cmcgloughlin5d@redcross.org,United States,IN,Fort Wayne
195,Moen-White,626-497-4965,lloach5e@clickbank.net,United States,CA,Corona
196,Waelchi LLC,305-572-1230,bnollet5f@phpbb.com,United States,FL,Miami
197,"Hauck, Beahan and Kassulke",954-152-0029,mruane5g@shutterfly.com,United States,FL,Hollywood
198,"Bernhard, Toy and Doyle",412-110-7969,smcglade5h@nifty.com,United States,PA,Pittsburgh
199,Rolfson Inc,812-535-6751,askully5i@clickbank.net,United States,IN,Jeffersonville
200,Schroeder Group,303-830-4255,evasilevich5j@europa.eu,United States,CO,Denver
201,Rohan-Bechtelar,601-719-2422,grohan5k@walmart.com,United States,MS,Jackson
202,Yost and Sons,720-970-2807,aewer5l@reverbnation.com,United States,CO,Boulder
203,Leannon Group,915-888-9692,dmassei5m@ucoz.ru,United States,TX,El Paso
204,Davis Group,405-753-7456,jmccoveney5n@jimdo.com,United States,OK,Oklahoma City
205,Renner-O'Conner,402-657-1535,wbantham5o@wired.com,United States,NE,Lincoln
206,"Romaguera, Botsford and Leffler",913-841-9603,smerdew5p@studiopress.com,United States,KS,Shawnee Mission
207,"Muller, Harris and Wiegand",770-306-7086,clohden5q@ehow.com,United States,GA,Atlanta
208,"Streich, Huel and Bayer",916-906-8041,mmusson5r@yahoo.co.jp,United States,CA,Sacramento
209,Bergstrom Inc,561-940-4792,cchurches5s@furl.net,United States,FL,Delray Beach
210,Durgan-Toy,202-242-5540,gkarel5t@wikia.com,United States,DC,Washington
211,"O'Connell, Kuvalis and Kirlin",843-603-9879,frosensaft5u@si.edu,United States,SC,Florence
212,Sanford-Legros,757-353-5045,ebearn5v@digg.com,United States,VA,Hampton
213,Braun-Luettgen,561-695-3388,jwigzell5w@people.com.cn,United States,FL,Delray Beach
214,Nicolas LLC,847-930-6968,rtreadgall5x@people.com.cn,United States,IL,Schaumburg
215,Hoppe and Sons,281-609-6064,csarle5y@ebay.com,United States,TX,Houston
216,Ratke-Connelly,419-859-1644,jcraigheid5z@slate.com,United States,OH,Toledo
217,"Emmerich, Zemlak and Wilderman",208-528-1332,aoley60@sina.com.cn,United States,OR,Portland
218,Lubowitz LLC,630-356-2939,tlago61@desdev.cn,United States,IL,Naperville
219,Smith-Cremin,954-643-2751,bdraaisma62@walmart.com,United States,FL,Miami
220,Mohr Inc,334-195-4420,nscrivin63@blogtalkradio.com,United States,AL,Montgomery
221,Kunze-Waelchi,316-891-6765,ifilipchikov64@opensource.org,United States,KS,Wichita
222,Huels and Sons,806-226-9913,bbeavers65@youtu.be,United States,TX,Amarillo
223,Strosin Inc,512-424-2741,khanham66@mozilla.com,United States,TX,Round Rock
224,O'Keefe Inc,972-936-3487,ystodd67@bbb.org,United States,TX,Denton
225,Muller LLC,501-716-2475,bbest68@plala.or.jp,United States,AR,Little Rock
226,Krajcik LLC,609-710-3380,zellerington69@ovh.net,United States,NJ,Trenton
227,Denesik-Armstrong,419-573-1495,rmachen6a@wired.com,United States,OH,Toledo
228,"Wolff, Kuphal and Brown",775-947-5533,sjeanenet6b@bbc.co.uk,United States,NV,Reno
229,Bailey Inc,979-276-6044,bfinlaison6c@mapquest.com,United States,TX,Bryan
230,"Witting, Johnson and Leannon",702-624-9088,egrassett6d@businessweek.com,United States,NV,Las Vegas
231,Murphy-Herzog,971-145-8371,kleversuch6e@mayoclinic.com,United States,OR,Portland
232,Lockman Inc,202-468-3145,btomsu6f@51.la,United States,DC,Washington
233,Crooks and Sons,256-651-7973,jnilles6g@tripod.com,United States,AL,Huntsville
234,Weber-Cronin,208-566-9320,rvost6h@mozilla.com,United States,ID,Boise
235,"Prohaska, Rutherford and Mitchell",904-516-9731,kbrabben6i@bbc.co.uk,United States,FL,Jacksonville
236,"Klein, Mohr and Watsica",512-815-7341,cmikalski6j@blogtalkradio.com,United States,TX,Austin
237,Wyman Inc,915-353-8543,fstate6k@trellian.com,United States,TX,El Paso
238,Weissnat-Dickens,410-820-1955,vgurry6l@businessinsider.com,United States,MD,Baltimore
239,Haley-Powlowski,202-932-5017,rarpino6m@livejournal.com,United States,DC,Washington
240,O'Keefe Inc,336-321-3503,wabbotts6n@de.vu,United States,NC,Greensboro
241,McGlynn-Nader,919-874-6807,fnoades6o@hud.gov,United States,NC,Durham
242,Pfannerstill-Leannon,602-947-8854,kderricoat6p@miitbeian.gov.cn,United States,AZ,Phoenix
243,Nienow-Auer,559-459-7376,jeannetta6q@cocolog-nifty.com,United States,CA,Fresno
244,Will Group,919-268-6699,akillick6r@drupal.org,United States,NC,Raleigh
245,Goyette-Osinski,702-390-9131,bkettle6s@bluehost.com,United States,NV,Las Vegas
246,Hartmann and Sons,602-370-0517,msaundercock6t@google.de,United States,AZ,Phoenix
247,"Anderson, Parisian and Shanahan",617-937-7136,gphilippault6u@blogs.com,United States,MA,Boston
248,Turcotte Inc,214-688-2715,chamman6v@vk.com,United States,TX,Garland
249,Gusikowski LLC,412-452-6786,cchaman6w@domainmarket.com,United States,PA,Pittsburgh
250,Stanton-Dach,615-447-8854,cfairey6x@ucoz.com,United States,TN,Nashville
251,Lynch-Johnston,832-372-4653,tdauney6y@a8.net,United States,TX,Houston
252,"Emmerich, Hoppe and Yost",415-311-4189,emacmoyer6z@purevolume.com,United States,CA,San Francisco
253,"Hahn, Yost and Hodkiewicz",865-511-0673,kdeamer70@accuweather.com,United States,TN,Knoxville
254,Bailey Group,626-964-8085,nbeaushaw71@merriam-webster.com,United States,CA,Alhambra
255,"Feeney, Wintheiser and Tromp",954-213-1718,awretham72@cbc.ca,United States,FL,Orlando
256,Stroman-Corkery,408-305-1255,hdisdel73@360.cn,United States,CA,San Jose
257,Champlin-Marks,304-191-5488,clightoller74@independent.co.uk,United States,WV,Charleston
258,Cassin-Balistreri,619-792-3532,jdevo75@netvibes.com,United States,CA,San Diego
259,"Brakus, Greenholt and Nader",212-925-8418,jkornes76@google.co.uk,United States,NY,New York City
260,McLaughlin-Shanahan,763-795-4280,hverbeek77@oakley.com,United States,MN,Maple Plain
261,"Stokes, Hilpert and Stoltenberg",303-856-7422,scrowch78@diigo.com,United States,CO,Denver
262,Jones-Johnston,570-461-3551,nbanks79@ovh.net,United States,PA,Wilkes Barre
263,"McKenzie, Witting and Auer",302-775-2395,ggodson7a@huffingtonpost.com,United States,DE,Newark
264,Hahn and Sons,859-169-1615,mpittway7b@ed.gov,United States,KY,Lexington
265,"Schaefer, Kirlin and Frami",408-700-9328,salbasini7c@hubpages.com,United States,CA,San Jose
266,"Pacocha, Altenwerth and Johns",253-966-0961,adowner7d@sun.com,United States,WA,Seattle
267,Bailey-Beatty,512-363-7552,welks7e@comcast.net,United States,TX,Austin
268,Senger-Williamson,512-186-2120,arackley7f@jiathis.com,United States,TX,Austin
269,Wilkinson LLC,256-476-5125,gemanueli7g@miibeian.gov.cn,United States,AL,Huntsville
270,"Wehner, Brakus and Glover",609-967-4683,eklageman7h@example.com,United States,NJ,Trenton
271,"Gleichner, Breitenberg and Casper",301-424-1001,ljefferies7i@paypal.com,United States,MD,Hyattsville
272,Kessler-Wisozk,360-866-7674,kgiacomucci7j@mashable.com,United States,WA,Vancouver
273,Gorczany LLC,213-762-1843,umackenny7k@constantcontact.com,United States,CA,Los Angeles
274,Veum and Sons,334-689-3204,pbiggs7l@goo.ne.jp,United States,AL,Montgomery
275,Leannon-Luettgen,847-382-1197,wquickfall7m@biblegateway.com,United States,IL,Chicago
276,"Torp, Beatty and MacGyver",916-720-9886,arenak7n@blinklist.com,United States,CA,Sacramento
277,Kozey-Beahan,202-600-2022,tscullard7o@discovery.com,United States,DC,Washington
278,Cummings Group,682-537-6176,ltring7p@biblegateway.com,United States,TX,Fort Worth
279,Zulauf and Sons,859-387-6329,wsibbs7q@plala.or.jp,United States,KY,Lexington
280,Walsh-Dickens,704-187-9632,tlickorish7r@usda.gov,United States,NC,Charlotte
281,Tillman-Shields,561-919-4033,kaizik7s@purevolume.com,United States,FL,West Palm Beach
282,"Kub, Boyer and Kuphal",405-351-1606,csummerskill7t@woothemes.com,United States,OK,Oklahoma City
283,Koelpin-Leannon,205-445-0044,zfitchew7u@twitpic.com,United States,AL,Birmingham
284,Rippin and Sons,682-985-1196,pstrauss7v@adobe.com,United States,TX,Fort Worth
285,Blanda-Thompson,210-600-7694,jdangelo7w@army.mil,United States,TX,San Antonio
286,O'Connell Inc,201-326-2511,dbirdis7x@hubpages.com,United States,NJ,Newark
287,Yost LLC,312-445-5088,adoerr7y@themeforest.net,United States,IL,Chicago
288,Senger LLC,786-578-6972,lgillard7z@unc.edu,United States,FL,Clearwater
289,"Feest, Klocko and Macejkovic",409-308-0540,bearingey80@weibo.com,United States,TX,Beaumont
290,Jenkins-Hauck,320-378-9773,bjaniszewski81@biglobe.ne.jp,United States,MN,Saint Cloud
291,Torphy-Barton,352-735-6175,dtrickey82@google.com.au,United States,FL,Gainesville
292,O'Conner LLC,213-144-8120,sbeckey83@multiply.com,United States,CA,Los Angeles
293,"Emard, Rice and Pouros",479-537-0503,dgyer84@slideshare.net,United States,AR,Fort Smith
294,"Abshire, Zulauf and Pollich",770-297-5744,pgleed85@pbs.org,United States,GA,Marietta
295,Bailey-Pollich,915-272-9326,ccocks86@multiply.com,United States,TX,El Paso
296,Fadel Group,305-832-8118,csempill87@miibeian.gov.cn,United States,FL,Miami Beach
297,O'Keefe-Fadel,304-266-1896,awyrill88@google.de,United States,WV,Huntington
298,Skiles-Jones,419-325-3955,nreidshaw89@trellian.com,United States,OH,Hamilton
299,Mraz-Larkin,651-129-5779,cswainston8a@jiathis.com,United States,MN,Saint Paul
300,Lindgren LLC,325-359-9711,ewoolager8b@tripadvisor.com,United States,TX,San Angelo
301,Kemmer-Gibson,214-648-1364,sgarie8c@shinystat.com,United States,TX,Mesquite
302,Grant LLC,561-347-2907,sbarde8d@yale.edu,United States,FL,Boca Raton
303,"Becker, Bernier and Johnson",303-815-4103,fligerton8e@dagondesign.com,United States,CO,Denver
304,Adams Inc,952-197-2063,wbazeley8f@ovh.net,United States,MN,Young America
305,Huel-Cruickshank,202-241-5777,amcgeown8g@abc.net.au,United States,DC,Washington
306,Marks Group,813-704-2189,nixor8h@pen.io,United States,FL,Tampa
307,"Schultz, Kunde and Batz",281-687-3268,sskelton8i@clickbank.net,United States,TX,Houston
308,Kshlerin-Becker,804-135-9708,gjagiela8j@va.gov,United States,VA,Richmond
309,Roob-Kuhn,814-685-8911,mbollans8k@usa.gov,United States,PA,Erie
310,"Goodwin, Green and Mitchell",619-205-6590,dclaricoates8l@mashable.com,United States,CA,San Diego
311,Koelpin-Kemmer,815-721-1369,smacaloren8m@youtu.be,United States,IL,Joliet
312,"Pfannerstill, Howe and Batz",419-128-5163,eoldridge8n@intel.com,United States,OH,Toledo
313,"Schamberger, Conn and Dickinson",502-202-0895,scrowne8o@spotify.com,United States,KY,Louisville
314,Kihn Inc,619-409-2305,nwalstow8p@google.nl,United States,CA,San Diego
315,"Sipes, Kozey and Collins",804-221-7832,gsimenel8q@bravesites.com,United States,VA,Richmond
316,"McKenzie, King and Nitzsche",210-392-6886,fmalthus8r@hao123.com,United States,TX,San Antonio
317,Botsford and Sons,646-355-3825,slinklet8s@dyndns.org,United States,NY,Brooklyn
318,Zulauf-Boyer,210-493-5414,rmallabund8t@storify.com,United States,TX,San Antonio
319,Hintz and Sons,770-237-2877,cohrtmann8u@illinois.edu,United States,GA,Atlanta
320,Ledner Group,704-676-7343,rgiotto8v@addtoany.com,United States,NC,Charlotte
321,"O'Kon, Schumm and Moore",407-723-1787,jmcfetrich8w@behance.net,United States,FL,Orlando
322,"Adams, Kessler and Pacocha",719-130-8869,mtwaits8x@ning.com,United States,CO,Pueblo
323,"Murphy, Armstrong and Schultz",650-790-4034,utroman8y@dedecms.com,United States,CA,Orange
324,"Ortiz, Langworth and Reilly",907-137-8308,mfortune8z@gravatar.com,United States,AK,Anchorage
325,"Schultz, Dare and Abbott",213-387-5008,csilveston90@ed.gov,United States,CA,Los Angeles
326,Harris-Kshlerin,512-998-4654,mcolvie91@addtoany.com,United States,TX,Austin
327,Lesch-Quitzon,973-602-2941,rverrick92@reddit.com,United States,NJ,Paterson
328,Mraz-Morissette,202-678-9640,nfeatonby93@addthis.com,United States,DC,Washington
329,Hammes Group,850-702-2185,sashwood94@ning.com,United States,FL,Pensacola
330,Bartell Group,407-287-5176,psymon95@dion.ne.jp,United States,FL,Pinellas Park
331,Windler Inc,513-196-5995,hert96@globo.com,United States,OH,Cincinnati
332,Hettinger and Sons,518-417-0748,bdaniell97@devhub.com,United States,NY,Schenectady
333,Carter-Steuber,757-818-3966,bstoggell98@bravesites.com,United States,VA,Virginia Beach
334,"Walsh, Koepp and Leannon",717-829-9440,aingledew99@dyndns.org,United States,PA,Harrisburg
335,"Feest, Kunze and Krajcik",239-990-6058,iocannon9a@jimdo.com,United States,FL,Naples
336,Reinger Group,865-916-7501,awoolen9b@lulu.com,United States,TN,Knoxville
337,Borer-Kihn,503-695-5259,mshorland9c@oaic.gov.au,United States,OR,Portland
338,Schmeler-Langosh,903-240-7888,gheyworth9d@digg.com,United States,TX,Tyler
339,Okuneva Inc,503-789-3208,mlusk9e@indiatimes.com,United States,OR,Beaverton
340,"Kuvalis, Treutel and Langworth",330-825-9287,cfairham9f@tmall.com,United States,OH,Youngstown
341,Hauck Group,360-492-3187,kgandy9g@mediafire.com,United States,WA,Seattle
342,Wilkinson-Ernser,650-203-7884,egirauld9h@senate.gov,United States,CA,Mountain View
343,Schinner-Dickens,213-578-9439,pswannell9i@t.co,United States,CA,Los Angeles
344,"Mann, Beier and Watsica",409-825-4968,fstollhofer9j@storify.com,United States,TX,Beaumont
345,"Rath, Daugherty and Johnson",202-489-5258,bjubert9k@vk.com,United States,VA,Alexandria
346,Robel-Bauch,917-736-6168,iecclestone9l@google.com,United States,NY,New York City
347,"Schiller, Kuphal and Lueilwitz",202-197-3918,nmccarrick9m@bbc.co.uk,United States,DC,Washington
348,Ferry Inc,304-236-5465,bwharton9n@alibaba.com,United States,WV,Charleston
349,"Rosenbaum, Spinka and Anderson",651-691-5131,zzealander9o@yahoo.com,United States,MN,Saint Paul
350,Kuphal Group,775-129-3115,nkreutzer9p@photobucket.com,United States,NV,Reno
351,"Pfeffer, Kertzmann and Veum",941-413-6747,ksansun9q@lycos.com,United States,FL,Punta Gorda
352,Balistreri-Kiehn,214-809-9003,akrahl9r@goo.ne.jp,United States,TX,Dallas
353,Hamill LLC,772-362-7872,mjuanes9s@admin.ch,United States,FL,Fort Pierce
354,"Blick, Schaden and Deckow",210-453-9384,sschroder9t@usa.gov,United States,TX,San Antonio
355,Bernhard-Welch,303-404-5313,jlindner9u@tiny.cc,United States,CO,Denver
356,"Feil, Beahan and Koelpin",319-693-6530,rbirkmyre9v@alexa.com,United States,IA,Cedar Rapids
357,Ruecker Group,915-411-7908,tabrashkin9w@cargocollective.com,United States,TX,El Paso
358,Labadie-Swaniawski,650-498-7139,rfancott9x@webeden.co.uk,United States,CA,Orange
359,Morissette-Bode,602-436-5227,idrugan9y@vinaora.com,United States,AZ,Phoenix
360,Wintheiser-Pollich,785-180-3736,ylipsett9z@businessweek.com,United States,KS,Topeka
361,"Schultz, Cormier and Auer",314-362-7300,lpruvosta0@upenn.edu,United States,MO,Saint Louis
362,Murazik Group,646-203-6318,sgaynea1@pagesperso-orange.fr,United States,NY,Brooklyn
363,Olson-Nicolas,386-271-9239,gnewberrya2@zimbio.com,United States,FL,Daytona Beach
364,Sipes-Herman,203-855-8906,jraya3@joomla.org,United States,CT,Waterbury
365,Carroll-Feeney,407-621-1165,pkernara4@jalbum.net,United States,FL,Orlando
366,"Kuphal, Thiel and McKenzie",562-818-8137,gveschambesa5@ask.com,United States,CA,Whittier
367,Christiansen-Keeling,614-879-9795,vwoodruffa6@engadget.com,United States,OH,Columbus
368,Ondricka LLC,212-133-6578,tmactrustya7@netvibes.com,United States,NY,New York City
369,McClure-O'Reilly,314-700-7798,fdjorvica8@sina.com.cn,United States,MO,Saint Louis
370,"Huel, Hilll and Murray",347-306-1379,cdonnellana9@ucoz.com,United States,NY,New York City
371,McCullough-Breitenberg,212-687-3656,thuntlyaa@fc2.com,United States,NY,Jamaica
372,Howell Group,916-552-9975,oblasikab@shutterfly.com,United States,CA,Sacramento
373,"Dach, Beier and Hahn",423-423-8779,feyeingtonac@cpanel.net,United States,TN,Chattanooga
374,"Luettgen, Schaefer and Langosh",817-195-2301,wmcgrillad@blinklist.com,United States,TX,Fort Worth
375,Kovacek LLC,239-633-8025,wferrolliae@amazonaws.com,United States,FL,Fort Myers
376,Thiel-Reichel,626-388-9850,tvedstraaf@wp.com,United States,CA,Pasadena
377,Cartwright Inc,217-763-6833,gpretleyag@sun.com,United States,IL,Springfield
378,Dickens-Hammes,702-933-9514,cattrilah@cnn.com,United States,NV,Las Vegas
379,"Durgan, Bruen and Brakus",602-837-4544,eyuryichevai@nature.com,United States,AZ,Phoenix
380,Beer and Sons,571-250-8244,calbertiaj@twitpic.com,United States,VA,Vienna
381,Prohaska-Zieme,609-971-6575,tsigarsak@about.me,United States,NJ,Trenton
382,Gutmann-Daniel,918-269-7701,fseagraveal@yahoo.co.jp,United States,OK,Tulsa
383,Williamson Group,989-909-3206,tmountainam@ifeng.com,United States,MI,Midland
384,Jacobi-Miller,559-841-8565,asutherelan@hostgator.com,United States,CA,Fresno
385,"Gottlieb, Emard and Bechtelar",571-902-3177,mtorranceao@phoca.cz,United States,VA,Richmond
386,"Thompson, Miller and O'Kon",856-669-5687,achesterfieldap@sohu.com,United States,NJ,Camden
387,Wisoky-Nader,972-524-4474,icantrellaq@walmart.com,United States,TX,Mesquite
388,Price Inc,212-172-6473,gelgiear@ebay.co.uk,United States,NY,Jamaica
389,"Schultz, Lindgren and Abshire",213-400-0537,fchernas@surveymonkey.com,United States,CA,Los Angeles
390,Collins Inc,301-963-6066,dminallat@cargocollective.com,United States,MD,Hyattsville
391,Dickinson-Schneider,248-277-1029,tquenbyau@upenn.edu,United States,MI,Detroit
392,Bauch-Feil,806-695-7254,lduffieav@blogs.com,United States,TX,Lubbock
393,Huels-Funk,202-338-5314,dciobutaroaw@opera.com,United States,DC,Washington
394,"Rippin, Watsica and Beatty",812-214-6718,bwhitcombax@booking.com,United States,IN,Evansville
395,"MacGyver, Connelly and Spinka",720-169-8798,vburkillay@dedecms.com,United States,CO,Denver
396,Feeney Group,405-974-1454,ldulintyaz@geocities.com,United States,OK,Oklahoma City
397,Rogahn-Batz,412-476-2860,awozencroftb0@cargocollective.com,United States,PA,Pittsburgh
398,Bruen-Spinka,318-135-6496,rcrokerb1@pen.io,United States,LA,Shreveport
399,Gerlach LLC,815-877-3686,mpriddeyb2@naver.com,United States,IL,Rockford
400,Bechtelar Inc,203-640-1329,sballintyneb3@sbwire.com,United States,CT,Stamford
401,McGlynn Group,407-519-6627,mjanuszkiewiczb4@mac.com,United States,FL,Kissimmee
402,D'Amore-Kertzmann,516-579-4433,trothwellb5@mayoclinic.com,United States,NY,Port Washington
403,Weissnat-Donnelly,318-126-3813,luziellib6@tinyurl.com,United States,LA,Shreveport
404,Miller-Feeney,212-199-0009,caubrayb7@washingtonpost.com,United States,NY,Brooklyn
405,O'Reilly Group,713-682-7768,gblackneyb8@ucoz.com,United States,TX,Houston
406,Schowalter-Zieme,202-996-0312,jfistb9@parallels.com,United States,DC,Washington
407,"Boyle, Hamill and Ledner",415-899-5321,fhurllba@mozilla.com,United States,CA,San Francisco
408,"Kohler, Macejkovic and Miller",260-414-4258,dcavybb@hexun.com,United States,IN,Fort Wayne
409,Kohler-Rohan,916-930-2313,syerbornbc@yahoo.com,United States,CA,Sacramento
410,Koch-Lemke,913-102-7334,ccreasybd@over-blog.com,United States,KS,Kansas City
411,"Ward, Dickinson and Hessel",804-894-9038,wsmeatonbe@hubpages.com,United States,VA,Richmond
412,Berge-Ferry,205-987-4592,rharbottlebf@yale.edu,United States,AL,Birmingham
413,McCullough-Jacobs,303-769-3794,fdudderidgebg@naver.com,United States,CO,Denver
414,"MacGyver, Dietrich and Aufderhar",914-785-2867,jtanzigbh@foxnews.com,United States,NY,Yonkers
415,Jakubowski Group,913-812-1467,ahusbybi@ca.gov,United States,KS,Shawnee Mission
416,Adams-Shanahan,205-751-6699,pvalentettibj@ftc.gov,United States,AL,Birmingham
417,"McKenzie, Wolf and Langworth",602-753-1484,breilingbk@sourceforge.net,United States,AZ,Phoenix
418,"Abbott, Koelpin and Leffler",352-875-3044,rsurplicebl@bigcartel.com,United States,FL,Ocala
419,"Monahan, Koelpin and Smitham",205-840-2154,jodwyerbm@barnesandnoble.com,United States,AL,Birmingham
420,"Will, Conn and Friesen",205-210-2186,kcampanybn@reddit.com,United States,AL,Birmingham
421,Bauch Inc,609-341-2596,aklugebo@tripod.com,United States,NJ,Trenton
422,"Bailey, Kerluke and Ankunding",217-166-0384,rculpanbp@wsj.com,United States,IL,Springfield
423,"Jerde, Dooley and Lemke",203-586-7622,mbonifantbq@com.com,United States,CT,Stamford
424,Stiedemann Group,612-674-3501,cpikesleybr@homestead.com,United States,MN,Saint Paul
425,"Glover, Jacobs and Heidenreich",314-373-1763,mcarrenbs@moonfruit.com,United States,MO,Saint Louis
426,"Wuckert, Nienow and Spinka",585-500-1371,igaitskillbt@xrea.com,United States,NY,Rochester
427,Hartmann-Gulgowski,801-889-1262,madiebu@t.co,United States,UT,Provo
428,"Hackett, Sauer and Zemlak",864-906-7146,jingledowbv@japanpost.jp,United States,SC,Spartanburg
429,"Koepp, Macejkovic and Schoen",530-402-7136,fhenrysonbw@umich.edu,United States,CA,Sacramento
430,Wisozk Group,615-163-5422,gshillingfordbx@i2i.jp,United States,TN,Nashville
431,"Hilll, Steuber and Murazik",513-243-7613,dhurstby@geocities.com,United States,OH,Cincinnati
432,"Hodkiewicz, Emard and Cremin",601-545-2575,eokennedybz@yahoo.co.jp,United States,MS,Jackson
433,Wehner and Sons,334-267-5117,rclurowc0@shinystat.com,United States,AL,Montgomery
434,"Schuppe, Pollich and Crist",203-264-2361,fheadechc1@etsy.com,United States,CT,Stamford
435,Abernathy and Sons,860-601-0229,iorteuc2@geocities.jp,United States,CT,Hartford
436,"Beatty, Brown and Dickinson",425-167-8307,nnicklinc3@sfgate.com,United States,WA,Bellevue
437,"Heathcote, Botsford and Collins",423-247-2090,cheartyc4@51.la,United States,TN,Chattanooga
438,Koch-Cormier,651-265-9261,vdevalc5@reuters.com,United States,MN,Saint Paul
439,"Mertz, Erdman and Strosin",386-122-8006,afarbrotherc6@dailymotion.com,United States,FL,Daytona Beach
440,Harber-Bogisich,612-762-6883,glacostec7@tmall.com,United States,MN,Minneapolis
441,Stehr Group,407-572-8589,rmcguirkc8@bravesites.com,United States,FL,Pensacola
442,Turner LLC,651-264-1099,lbakeupc9@live.com,United States,MN,Minneapolis
443,"Ullrich, Watsica and Hauck",617-338-2263,olouderca@hhs.gov,United States,MA,Springfield
444,Wiza-Dicki,352-629-4166,oinstonecb@wordpress.com,United States,FL,Gainesville
445,"Osinski, Haley and Mann",616-555-6991,nlartercc@lycos.com,United States,MI,Grand Rapids
446,Medhurst LLC,937-787-4706,ehincecd@eepurl.com,United States,OH,Dayton
447,"Bartell, Cartwright and Swaniawski",319-918-2091,sheadingsce@cam.ac.uk,United States,IA,Cedar Rapids
448,Bahringer LLC,707-824-5338,sgethincf@smugmug.com,United States,CA,Santa Rosa
449,"Spinka, Emard and Harber",937-868-7998,cfaircleycg@fotki.com,United States,OH,Dayton
450,"Hirthe, Collier and Yost",502-526-7078,jpassech@tripadvisor.com,United States,KY,Louisville
451,Mayert LLC,916-585-2469,sgodlyci@arizona.edu,United States,CA,Sacramento
452,Spencer Group,347-587-0232,aconduitcj@time.com,United States,NY,Flushing
453,Herzog-Osinski,260-106-2959,eyurkiewiczck@adobe.com,United States,IN,Fort Wayne
454,"Muller, Homenick and Watsica",337-757-1930,whessenthalercl@rediff.com,United States,LA,Lafayette
455,Okuneva Inc,213-336-3132,sgeroldicm@soundcloud.com,United States,CA,Los Angeles
456,"Hoppe, Boyer and Osinski",313-718-6907,kgutsellcn@icq.com,United States,MI,Detroit
457,Klein-Price,505-642-6087,bmcwhinnieco@etsy.com,United States,NM,Santa Fe
458,Cormier-Bayer,863-194-8851,zhighwoodcp@google.co.uk,United States,FL,Lakeland
459,"MacGyver, McGlynn and Rogahn",202-647-2227,ngamecq@deviantart.com,United States,DC,Washington
460,Fisher Inc,310-617-7995,fpadleycr@bizjournals.com,United States,CA,Garden Grove
461,Jacobson and Sons,254-265-8947,estrakercs@stanford.edu,United States,TX,Waco
462,"Terry, Schuster and Becker",865-265-5446,slarrattct@prnewswire.com,United States,TX,Amarillo
463,Beahan Group,407-533-6615,awasecu@umich.edu,United States,FL,Winter Haven
464,Rosenbaum Inc,253-134-7548,tralestoncv@twitter.com,United States,WA,Tacoma
465,Beahan LLC,507-295-3104,tdesquesnescw@cafepress.com,United States,MN,Rochester
466,Legros-Stehr,704-903-0657,cjanceycx@stanford.edu,United States,NC,Charlotte
467,Quigley Inc,310-150-8965,btottiecy@printfriendly.com,United States,CA,Torrance
468,"Leffler, Waters and Stehr",606-677-8918,lfisoncz@gravatar.com,United States,KY,Lexington
469,Gislason-Ortiz,717-231-8168,dcheatled0@biglobe.ne.jp,United States,PA,Harrisburg
470,"Koss, Dare and Waelchi",330-931-9039,mwinramd1@ezinearticles.com,United States,OH,Akron
471,"Braun, Jacobi and Ritchie",408-958-7586,ktremaind2@drupal.org,United States,CA,San Jose
472,Hane-Jerde,504-509-5574,fpreskettd3@woothemes.com,United States,LA,New Orleans
473,"Prosacco, Wyman and Erdman",617-641-6291,mjacklingd4@cbc.ca,United States,MA,Boston
474,Kling Inc,989-444-6133,rbanthorped5@example.com,United States,MI,Saginaw
475,"Cummings, Kuhlman and Leffler",704-512-0669,atromand6@uol.com.br,United States,NC,Charlotte
476,Hickle-Zboncak,405-785-4572,mparlottd7@wikipedia.org,United States,OK,Oklahoma City
477,Bahringer Inc,954-210-6525,rbeggd8@purevolume.com,United States,FL,Fort Lauderdale
478,"Tremblay, Homenick and Gottlieb",719-202-5272,tfisked9@noaa.gov,United States,CO,Colorado Springs
479,Willms Group,806-514-8031,cgonzalesda@wikia.com,United States,TX,Lubbock
480,Considine-Zemlak,314-976-0047,gcorsondb@eepurl.com,United States,MO,Saint Louis
481,Harvey Group,651-175-7061,olamplughdc@google.ru,United States,MN,Saint Paul
482,Pacocha LLC,469-313-5338,bvanbrugdd@phpbb.com,United States,TX,Irving
483,"Bernier, Turcotte and Wuckert",918-544-5455,lcauthrade@sourceforge.net,United States,OK,Tulsa
484,Lakin and Sons,616-541-2613,bconersdf@last.fm,United States,MI,Grand Rapids
485,Greenholt-Hessel,419-713-4476,jbecerradg@boston.com,United States,OH,Toledo
486,Morissette and Sons,302-938-6286,lcouzensdh@ucla.edu,United States,DE,Newark
487,"Cassin, Purdy and Krajcik",903-312-3932,jfarlambedi@loc.gov,United States,TX,Tyler
488,"Strosin, Keebler and Bauch",304-363-4197,abrecknalldj@tinypic.com,United States,WV,Huntington
489,"Cole, Von and Hermann",913-609-7721,joreagandk@canalblog.com,United States,KS,Shawnee Mission
490,Dare Inc,305-381-7215,lcrissildl@cpanel.net,United States,FL,Miami
491,Paucek and Sons,904-171-8387,abeatensdm@sourceforge.net,United States,FL,Saint Augustine
492,Waelchi-Leuschke,208-426-0081,bbrenstondn@acquirethisname.com,United States,ID,Boise
493,"Kuvalis, Predovic and Marvin",915-730-8951,lhiggonetdo@scribd.com,United States,TX,El Paso
494,Lockman Inc,909-603-7485,dhaddestondp@webeden.co.uk,United States,CA,San Bernardino
495,Feeney-Carroll,210-507-0926,lvanettidq@prlog.org,United States,TX,San Antonio
496,Upton-Miller,504-189-4164,dblakelydr@youtu.be,United States,LA,New Orleans
497,Borer-Kiehn,602-492-4211,awrathmallds@twitter.com,United States,AZ,Mesa
498,Donnelly-Labadie,254-319-1051,tmatiebedt@51.la,United States,TX,Gatesville
499,"Dare, Nikolaus and Hessel",407-983-1694,gcheynedu@imageshack.us,United States,FL,Orlando
500,"Hane, Batz and Kessler",404-731-4939,thoutbydv@chicagotribune.com,United States,GA,Atlanta
501,Bernhard LLC,405-995-2079,rrealydw@who.int,United States,OK,Oklahoma City
502,Kerluke and Sons,406-606-1270,tgirarddx@nhs.uk,United States,MT,Billings
503,"Raynor, Mohr and Carroll",610-852-5244,lcolisbedy@businessweek.com,United States,PA,Allentown
504,Jakubowski-Price,412-805-5607,mcannopdz@mozilla.com,United States,PA,Pittsburgh
505,Block LLC,714-302-8405,kgladyere0@deliciousdays.com,United States,CA,San Jose
506,Senger-Auer,901-781-1810,ocapozzie1@typepad.com,United States,TN,Memphis
507,"Denesik, Parisian and Bauch",917-865-5698,dmouldse2@blinklist.com,United States,NY,Bronx
508,Gleason Inc,314-624-3508,cfilipchikove3@independent.co.uk,United States,MO,Saint Louis
509,Gottlieb Group,614-147-3112,njulle4@behance.net,United States,OH,Columbus
510,"Reilly, Hermann and Grant",414-165-1837,mskedgelle5@thetimes.co.uk,United States,WI,Milwaukee
511,"Kovacek, Emmerich and O'Keefe",253-923-7361,dhoulistone6@webeden.co.uk,United States,WA,Tacoma
512,Hodkiewicz-Batz,409-892-2279,dseagee7@google.com.au,United States,TX,Beaumont
513,Beahan Group,505-891-3636,reisige8@stanford.edu,United States,NM,Albuquerque
514,"Hilpert, Pfannerstill and Wuckert",661-441-2258,mcaddiee9@rakuten.co.jp,United States,CA,Bakersfield
515,Dibbert-Klein,239-400-6884,equeyeiroea@samsung.com,United States,FL,Fort Myers
516,"Kassulke, Cummings and Brekke",916-267-3627,akaplineb@usa.gov,United States,CA,Sacramento
517,Lehner and Sons,423-388-7108,achaiseec@chronoengine.com,United States,TN,Johnson City
518,Lueilwitz Group,267-574-2487,ktulletted@csmonitor.com,United States,PA,Philadelphia
519,"Schimmel, Schumm and Heaney",515-217-6588,cleavryee@telegraph.co.uk,United States,IA,Des Moines
520,"Grant, Smith and Mosciski",989-352-9672,gcrosettief@mozilla.org,United States,MI,Midland
521,Jerde-Hammes,971-572-4466,kdonnelleg@discovery.com,United States,OR,Portland
522,"Sanford, Upton and Mayer",865-263-7700,jghelerdinieh@phpbb.com,United States,TN,Knoxville
523,Koelpin-Ruecker,701-108-6763,mwardlowei@bluehost.com,United States,ND,Grand Forks
524,Cartwright-Wunsch,937-737-1138,preyneej@about.com,United States,OH,Dayton
525,Runolfsson-Smitham,915-679-8509,mpregelek@apache.org,United States,TX,El Paso
526,Bailey-Schneider,212-253-9126,owilliamsonel@php.net,United States,NY,Jamaica
527,Fahey-Gottlieb,619-166-7450,acalrowem@plala.or.jp,United States,CA,San Diego
528,"Johns, Jacobi and Johnson",330-624-0783,espennocken@netvibes.com,United States,OH,Akron
529,Stiedemann Group,478-508-5474,agrisdaleeo@ftc.gov,United States,GA,Savannah
530,Adams-Hilpert,616-625-5118,ddeernessep@google.de,United States,MI,Grand Rapids
531,Lindgren-Herzog,919-227-0072,bstutteeq@constantcontact.com,United States,NC,Raleigh
532,Doyle-Sauer,617-819-6018,umarshmaner@diigo.com,United States,MA,Boston
533,Grant LLC,202-835-9598,kriches@acquirethisname.com,United States,DC,Washington
534,Kuhn Inc,434-151-7422,kgrenshielset@1und1.de,United States,VA,Lynchburg
535,"Simonis, Treutel and Crooks",224-118-8894,jsandlineu@google.com,United States,IL,Schaumburg
536,Ondricka-Hansen,561-355-1881,moliveyev@artisteer.com,United States,FL,Boynton Beach
537,"Leffler, Wunsch and Bahringer",512-125-8490,drexworthyew@nytimes.com,United States,TX,Austin
538,"Collins, Witting and Simonis",484-863-9203,jsaywoodex@scientificamerican.com,United States,PA,Reading
539,"Hauck, D'Amore and Fay",909-198-4421,btadmaney@cnn.com,United States,CA,San Bernardino
540,Heaney-Leuschke,205-808-9157,srippingez@example.com,United States,AL,Birmingham
541,"Balistreri, Beer and Labadie",859-629-9427,bmcfeatf0@hud.gov,United States,KY,Lexington
542,Greenfelder Group,612-924-0232,whoyerf1@paginegialle.it,United States,MN,Minneapolis
543,"Hettinger, Dare and Greenholt",253-570-2750,mdanilchikf2@wufoo.com,United States,WA,Tacoma
544,"Renner, Schamberger and Witting",419-112-6189,jomandf3@cisco.com,United States,OH,Toledo
545,Dare and Sons,415-656-3888,cwinsperf4@google.ru,United States,CA,San Francisco
546,"Kohler, Ortiz and Howell",215-906-0149,kgallifordf5@hubpages.com,United States,PA,Philadelphia
547,"Bechtelar, Gutkowski and Wehner",214-475-5001,gfinlasonf6@weebly.com,United States,TX,Mesquite
548,Harber and Sons,785-991-4005,mkrugmannf7@unblog.fr,United States,KS,Topeka
549,"Kuhlman, Leannon and Kilback",215-804-0911,acongramf8@fotki.com,United States,PA,Philadelphia
550,Sawayn-Toy,704-836-7553,kstaytef9@mit.edu,United States,NC,Charlotte
551,Purdy Group,303-739-3689,iwilliscroftfa@1688.com,United States,CO,Boulder
552,Swift Group,571-541-2431,atufffb@over-blog.com,United States,VA,Reston
553,Larson-Borer,865-306-4059,tlittlecotefc@issuu.com,United States,TN,Knoxville
554,Miller LLC,310-534-5188,tmassowfd@npr.org,United States,CA,Santa Monica
555,Tremblay-Predovic,407-394-0085,calexanderssonfe@hostgator.com,United States,FL,Orlando
556,"Okuneva, Schuppe and Johnson",585-334-8923,fvandenboschff@reddit.com,United States,NY,Rochester
557,"Leffler, Raynor and Barton",412-701-5669,mpaolofg@netlog.com,United States,PA,Pittsburgh
558,"Swaniawski, Rau and Kiehn",301-640-7290,nscanefh@independent.co.uk,United States,MD,Hyattsville
559,"Wunsch, McLaughlin and O'Reilly",319-178-6961,kduckworthfi@joomla.org,United States,IA,Iowa City
560,Mosciski-Adams,330-217-8961,dcouthfj@huffingtonpost.com,United States,OH,Akron
561,Schulist Group,636-276-7153,dnaismithfk@webmd.com,United States,MO,Saint Louis
562,"Streich, Turcotte and Thompson",212-269-5329,jsimkofl@amazon.com,United States,NY,Jamaica
563,"Kozey, Torphy and Sanford",616-395-8495,mcroughanfm@chicagotribune.com,United States,MI,Grand Rapids
564,Bradtke-Goldner,704-532-6275,lclerkfn@soup.io,United States,NC,Charlotte
565,Bartell-Hyatt,214-600-0864,nmuggeridgefo@domainmarket.com,United States,TX,Dallas
566,"Wintheiser, Streich and Pollich",701-504-6738,broperfp@ocn.ne.jp,United States,ND,Grand Forks
567,Hirthe Inc,901-183-5315,mbignalfq@seesaa.net,United States,TN,Memphis
568,Gutmann-Smitham,203-671-1798,rcolreinfr@senate.gov,United States,CT,New Haven
569,Carter Group,281-675-4208,gbrimacombefs@goo.ne.jp,United States,TX,Houston
570,Ullrich Group,413-996-5655,tgoodayft@unicef.org,United States,MA,Springfield
571,Price-Leannon,339-206-8841,sshevellfu@ibm.com,United States,MA,Lynn
572,Grant-Kilback,417-942-9566,srymourfv@state.tx.us,United States,MO,Springfield
573,Hickle and Sons,212-257-8489,aladefw@alibaba.com,United States,NY,Jamaica
574,Bogan-Skiles,678-817-5690,osibthorpfx@youtube.com,United States,GA,Decatur
575,Willms LLC,412-120-2970,rkinverfy@twitpic.com,United States,PA,Pittsburgh
576,"Lockman, Smith and Schultz",817-973-5507,ehaltonfz@archive.org,United States,TX,Fort Worth
577,Kerluke-Nikolaus,646-471-1345,ybatsfordg0@hubpages.com,United States,NY,New York City
578,McCullough-Rogahn,214-260-4352,cjansensg1@imageshack.us,United States,TX,Dallas
579,Wyman-Ebert,904-368-0965,aambroziakg2@unicef.org,United States,FL,Jacksonville
580,Zulauf and Sons,786-297-7282,wweddupg3@multiply.com,United States,FL,Miami
581,Rutherford-Bode,813-373-4094,tmcteerg4@bloglovin.com,United States,FL,Tampa
582,"Tromp, Hartmann and Williamson",419-605-7180,cancketillg5@github.com,United States,OH,Toledo
583,"Koss, Grant and Collier",714-281-7962,vmouldingg6@sfgate.com,United States,CA,Anaheim
584,"Toy, Bahringer and Williamson",317-882-1433,hjuzekg7@moonfruit.com,United States,IN,Indianapolis
585,"Ziemann, Lockman and Mann",801-481-6382,nbevisg8@sciencedirect.com,United States,UT,Salt Lake City
586,Moen-Schamberger,562-940-2176,rloynesg9@marketwatch.com,United States,CA,San Francisco
587,Weissnat-Rempel,214-664-8972,nkiljanga@wikia.com,United States,TX,Dallas
588,Lebsack-Kerluke,225-320-1922,zwhitelandgb@quantcast.com,United States,LA,Baton Rouge
589,Franecki-Cummings,386-917-3751,cdilaweygc@newsvine.com,United States,FL,Daytona Beach
590,"Rau, McKenzie and Spencer",502-859-3729,lcoggingd@aboutads.info,United States,KY,Louisville
591,"Cartwright, Harber and Kutch",608-280-8767,jgiannige@wikipedia.org,United States,WI,Madison
592,Hirthe LLC,913-190-7203,cclementegf@cbslocal.com,United States,KS,Shawnee Mission
593,D'Amore-Bauch,417-489-4559,dmorgg@nationalgeographic.com,United States,MO,Springfield
594,Vandervort and Sons,775-870-6665,iworsamgh@npr.org,United States,NV,Sparks
595,Jast-Emmerich,212-370-1934,tdriuzzigi@fema.gov,United States,NY,Brooklyn
596,"Jacobson, Moen and Runolfsdottir",907-137-4391,isonnergj@sciencedirect.com,United States,AK,Anchorage
597,Gleason-Price,512-720-9874,mjealgk@google.pl,United States,TX,Austin
598,"Koch, Senger and Rosenbaum",727-986-0168,fcodygl@omniture.com,United States,FL,Saint Petersburg
599,Nicolas-Hansen,703-414-7473,hgemsongm@liveinternet.ru,United States,VA,Alexandria
600,Strosin Group,812-341-8032,tcuolahangn@aol.com,United States,IN,Evansville
601,Daniel Inc,812-668-2456,lbrundillgo@simplemachines.org,United States,IN,Evansville
602,Jakubowski Inc,304-191-9178,gguittongp@forbes.com,United States,WV,Huntington
603,"Hammes, Cummerata and Marvin",402-817-2181,tpedicangq@ihg.com,United States,NE,Omaha
604,Leuschke LLC,856-893-4605,mdilowaygr@eepurl.com,United States,NJ,Camden
605,"Muller, Nitzsche and Herzog",410-907-8842,mhupkags@epa.gov,United States,MD,Baltimore
606,Dietrich-Runolfsdottir,513-935-7165,kwarringtongt@cpanel.net,United States,OH,Cincinnati
607,Farrell and Sons,323-405-9953,jdanilovitchgu@tiny.cc,United States,CA,Los Angeles
608,Pollich Inc,602-264-4936,hbiscogv@feedburner.com,United States,AZ,Phoenix
609,Breitenberg Inc,757-774-9698,ccarmangw@photobucket.com,United States,VA,Manassas
610,Boyle Group,615-239-5757,sdelbouxgx@umich.edu,United States,TN,Nashville
611,Bartell-Funk,910-234-8072,mwickiegy@cam.ac.uk,United States,NC,Greensboro
612,Klein Inc,314-783-0528,rstuttmangz@blog.com,United States,MO,Saint Louis
613,"Yundt, Wyman and Beahan",714-772-0158,cgrisenthwaiteh0@ed.gov,United States,CA,Anaheim
614,"Rath, Ernser and Lebsack",817-639-4884,bsargersonh1@elegantthemes.com,United States,TX,Fort Worth
615,MacGyver Inc,214-519-6324,vlaurieh2@timesonline.co.uk,United States,TX,Dallas
616,Greenfelder-Lynch,360-618-0912,rrowterh3@walmart.com,United States,WA,Olympia
617,"Bednar, Barrows and Leuschke",571-280-4172,acritchellh4@auda.org.au,United States,VA,Merrifield
618,Turner-Hand,225-645-8661,wdwaneh5@nationalgeographic.com,United States,LA,Baton Rouge
619,Emard-Kunde,831-514-0014,mgreendaleh6@bbb.org,United States,CA,Salinas
620,Nicolas-Kreiger,727-405-7135,crannh7@networkadvertising.org,United States,FL,Saint Petersburg
621,Blick Group,505-413-9881,srembaudh8@mysql.com,United States,NM,Albuquerque
622,"Rosenbaum, Gibson and Mertz",213-184-2915,bpaulitschkeh9@sun.com,United States,CA,Los Angeles
623,"Cummings, Harris and Rau",915-945-0069,ccoffeltha@cam.ac.uk,United States,TX,El Paso
624,Shields and Sons,713-249-8967,agavriellihb@bandcamp.com,United States,TX,Houston
625,Runte LLC,214-240-5955,bwaelandhc@pcworld.com,United States,TX,Dallas
626,Mann-Parisian,202-392-8599,camayahd@nba.com,United States,DC,Washington
627,Hamill-Larkin,303-699-9495,kmattityahouhe@walmart.com,United States,CO,Aurora
628,"Carroll, Schoen and Renner",480-690-9015,yhuskissonhf@people.com.cn,United States,AZ,Phoenix
629,Satterfield Inc,512-389-2152,hdicksonhg@baidu.com,United States,TX,Austin
630,Leuschke-Greenfelder,505-932-5272,rkayleyhh@fastcompany.com,United States,NM,Albuquerque
631,Kuhlman-Fritsch,765-706-8770,gvedenichevhi@ning.com,United States,IN,Indianapolis
632,Stroman Inc,224-676-3133,efeorehj@t-online.de,United States,IL,Schaumburg
633,Gislason LLC,203-206-1187,hheidenhk@ihg.com,United States,CT,Norwalk
634,Witting-Parker,206-489-7023,tdannhl@icq.com,United States,WA,Seattle
635,"Dietrich, Langworth and Stokes",773-898-9971,abruhnickehm@sourceforge.net,United States,IL,Chicago
636,Gerlach and Sons,719-807-2961,nleagashn@homestead.com,United States,CO,Colorado Springs
637,Jerde Inc,904-109-5681,apetcherho@google.com,United States,FL,Jacksonville
638,Hermiston Group,313-541-5219,blomasnyhp@hhs.gov,United States,MI,Detroit
639,Toy Group,812-547-9497,fnanihq@free.fr,United States,IN,Evansville
640,Bernier Inc,973-989-1058,dbossonhr@xing.com,United States,NJ,Newark
641,"Buckridge, Koss and Paucek",561-764-9308,kwiffenhs@homestead.com,United States,FL,Boca Raton
642,"Lindgren, VonRueden and Schulist",323-978-7417,balywenht@51.la,United States,CA,Los Angeles
643,Boehm-Cole,510-147-5830,sskaehu@furl.net,United States,CA,Richmond
644,"Luettgen, Pagac and Gerhold",202-805-1586,craveauhv@topsy.com,United States,DC,Washington
645,O'Hara Inc,480-380-8025,lshillabeerhw@unblog.fr,United States,AZ,Chandler
646,Sporer Group,310-649-8929,mcastanhohx@blogtalkradio.com,United States,CA,Garden Grove
647,"Lind, Dickinson and Mohr",253-766-8100,rpahlssonhy@ca.gov,United States,WA,Tacoma
648,Bernhard-Smitham,863-500-5645,dmcconnultyhz@abc.net.au,United States,FL,Lakeland
649,Stoltenberg-Cormier,214-544-0354,oamburgyi0@surveymonkey.com,United States,TX,Dallas
650,"Ziemann, Yost and Wintheiser",412-326-2599,slaimablei1@house.gov,United States,PA,Pittsburgh
651,"Schinner, Schiller and Dooley",408-726-7239,mfitzalani2@cnbc.com,United States,CA,San Jose
652,"Herzog, Oberbrunner and Reichert",571-590-3718,fmockeri3@psu.edu,United States,VA,Arlington
653,Predovic Inc,571-410-3621,fsaltresei4@bbc.co.uk,United States,VA,Richmond
654,"Wiegand, Funk and Kuhic",617-175-4230,lclatworthyi5@ustream.tv,United States,MA,Boston
655,Fadel-Rowe,205-388-0068,dhundyi6@posterous.com,United States,AL,Birmingham
656,"Price, Friesen and Hand",215-557-1608,jforcadei7@sakura.ne.jp,United States,PA,Philadelphia
657,"Renner, Blanda and Sipes",202-713-2377,swestmancoati8@bing.com,United States,DC,Washington
658,"Runolfsson, Hamill and Ankunding",501-245-3665,jperesi9@nbcnews.com,United States,AR,Little Rock
659,Rowe and Sons,816-615-8875,esouleia@gmpg.org,United States,MO,Kansas City
660,Kihn Group,513-702-5871,cmcrobbieib@toplist.cz,United States,OH,Cincinnati
661,Shanahan and Sons,804-407-4620,scostelowic@phpbb.com,United States,VA,Richmond
662,"Larkin, Treutel and McClure",202-230-2769,rtrenbayid@barnesandnoble.com,United States,DC,Washington
663,Howell Group,949-341-0342,rgellettie@abc.net.au,United States,CA,Irvine
664,Turcotte Group,212-334-8785,pjanawayif@yellowpages.com,United States,NY,New York City
665,"Parisian, Ruecker and Moore",716-900-8588,floughmanig@telegraph.co.uk,United States,NY,Buffalo
666,"Hessel, Harvey and Rippin",808-539-7917,aqueenih@elpais.com,United States,HI,Honolulu
667,Sauer-Kulas,256-841-3376,dbeuscherii@51.la,United States,AL,Huntsville
668,Davis-Fay,904-516-6132,bbultitudeij@independent.co.uk,United States,FL,Saint Augustine
669,VonRueden-Morar,402-678-2628,jkraleik@indiegogo.com,United States,NE,Omaha
670,Zboncak-Champlin,520-192-4904,jmanzil@ucoz.com,United States,AZ,Tucson
671,Hoeger and Sons,401-351-8010,abulliventim@trellian.com,United States,RI,Providence
672,Hintz and Sons,610-419-5681,estickellsin@dailymail.co.uk,United States,PA,Allentown
673,Stoltenberg LLC,407-506-6013,jblunkettio@loc.gov,United States,FL,Orlando
674,Kuvalis-Hackett,413-167-4464,cpeeleip@buzzfeed.com,United States,MA,Springfield
675,Schinner-Conroy,214-381-3227,bkynaniq@salon.com,United States,TX,Dallas
676,Sauer-Rempel,360-610-5480,sriggulsfordir@ed.gov,United States,WA,Vancouver
677,Nikolaus LLC,712-554-8052,rhaffordis@jugem.jp,United States,NE,Omaha
678,Wehner-Dickinson,706-923-7225,rshiellit@telegraph.co.uk,United States,GA,Columbus
679,"Nolan, Hettinger and Zboncak",469-354-1341,ndeblasioiu@patch.com,United States,TX,Garland
680,Hand-Moen,858-785-2810,hcrameriv@google.com.au,United States,CA,San Diego
681,"Hermiston, Braun and Hessel",941-649-1642,bsmorthitiw@is.gd,United States,FL,Punta Gorda
682,Corwin-Howe,215-656-2318,nboundsix@livejournal.com,United States,PA,Philadelphia
683,"Glover, Price and Ratke",702-899-8606,awilloughleyiy@china.com.cn,United States,NV,Las Vegas
684,Boehm LLC,818-311-4775,eyardiz@surveymonkey.com,United States,CA,Glendale
685,Bailey-Balistreri,410-226-8259,dhellewellj0@mtv.com,United States,MD,Baltimore
686,"Braun, Gutmann and Ruecker",256-463-1661,egribbenj1@yahoo.co.jp,United States,AL,Huntsville
687,"Hickle, Moore and Funk",775-368-5715,dkeymarj2@xinhuanet.com,United States,NV,Carson City
688,"Ankunding, Wisozk and Littel",213-491-4068,tbeentjesj3@lycos.com,United States,CA,Los Angeles
689,Botsford Inc,607-854-0891,jperagoj4@cocolog-nifty.com,United States,NY,Elmira
690,Rutherford-Parisian,413-798-0662,cughellij5@canalblog.com,United States,MA,Springfield
691,Koss-Jaskolski,808-528-3284,bhourstonj6@trellian.com,United States,HI,Honolulu
692,"Carter, Mraz and Dare",585-227-9552,pmcfarlanej7@skype.com,United States,NY,Rochester
693,Nikolaus-Hickle,208-448-0664,obenazetj8@latimes.com,United States,ID,Boise
694,Breitenberg and Sons,907-416-4137,ibartij9@usa.gov,United States,AK,Anchorage
695,Fritsch-Ledner,321-809-2706,osodoryja@amazonaws.com,United States,FL,Melbourne
696,Morissette Group,915-117-9031,fconnikiejb@wix.com,United States,TX,El Paso
697,Schmitt LLC,330-603-7044,cruddjc@nsw.gov.au,United States,OH,Canton
698,"Sawayn, Murphy and Schmidt",859-732-4362,znormavillejd@usgs.gov,United States,KY,Lexington
699,"Kiehn, Grant and Abernathy",213-661-6708,dgerbelje@vinaora.com,United States,CA,Los Angeles
700,"Sauer, Corwin and Connelly",712-392-2336,cauldjf@taobao.com,United States,IA,Sioux City
701,Daugherty-Koss,571-954-4587,mthirskjg@tiny.cc,United States,VA,Richmond
702,Larkin-Hessel,212-747-3079,pgeorgievjh@wunderground.com,United States,NY,Jamaica
703,Weimann-Batz,770-993-5070,fforbearji@seesaa.net,United States,GA,Marietta
704,"Gutmann, Hoppe and Harvey",816-357-2004,fhansleyjj@google.co.uk,United States,MO,Saint Joseph
705,"Fadel, Runolfsson and Cruickshank",206-671-5681,cshipjk@lulu.com,United States,WA,Seattle
706,"Brekke, Halvorson and Marquardt",513-482-9356,ytremblayjl@reverbnation.com,United States,OH,Cincinnati
707,"Anderson, Wisoky and Lebsack",850-678-8691,dvasyunichevjm@comcast.net,United States,FL,Tallahassee
708,"McKenzie, Abernathy and Lowe",850-139-4418,drimerjn@cnbc.com,United States,FL,Tallahassee
709,Mertz-Daugherty,212-366-0004,rstoneyjo@networksolutions.com,United States,NY,Brooklyn
710,Ruecker-Price,585-413-8914,ncoiejp@weibo.com,United States,NY,Rochester
711,Mante and Sons,941-601-6081,bkinderjq@hexun.com,United States,FL,Punta Gorda
712,Nienow LLC,904-133-2608,opracyjr@mysql.com,United States,FL,Jacksonville
713,Ferry Inc,770-380-5759,etrenchjs@uiuc.edu,United States,GA,Atlanta
714,Towne Group,619-107-0842,kkintzeljt@economist.com,United States,CA,San Diego
715,Hamill Group,864-862-7064,smarquesju@reddit.com,United States,SC,Spartanburg
716,Leannon-Abshire,512-940-6342,abatyjv@ucoz.ru,United States,TX,Austin
717,"Brakus, Klein and O'Connell",727-364-0147,edulyjw@rediff.com,United States,FL,Saint Petersburg
718,Lehner-Swift,901-988-4020,palyokhinjx@t-online.de,United States,TN,Memphis
719,Rogahn Inc,325-370-3943,rocollopyjy@thetimes.co.uk,United States,TX,San Angelo
720,Rosenbaum LLC,313-399-3304,mplayfairjz@cocolog-nifty.com,United States,MI,Detroit
721,"Von, Tremblay and Bergstrom",314-675-2434,kboutwellk0@lycos.com,United States,MO,Saint Louis
722,Heller Inc,916-989-8604,dbradickk1@joomla.org,United States,CA,Sacramento
723,Nienow-Labadie,772-828-5588,umcgeaghk2@typepad.com,United States,FL,Fort Pierce
724,Witting Group,419-557-3219,amccorkindalek3@webmd.com,United States,OH,Toledo
725,"Connelly, D'Amore and Rolfson",215-621-5383,jmcminnk4@barnesandnoble.com,United States,PA,Philadelphia
726,Hickle-Dooley,816-829-8399,ldunkinsonk5@scribd.com,United States,KS,Kansas City
727,Mayer-Nader,786-547-7700,lickeringillk6@i2i.jp,United States,FL,Clearwater
728,Parker Inc,612-600-2040,rwoolbrookk7@guardian.co.uk,United States,MN,Minneapolis
729,Cummerata LLC,267-969-3044,jpopek8@soundcloud.com,United States,PA,Philadelphia
730,"Reynolds, Yost and Predovic",619-755-5428,hellingsk9@unesco.org,United States,CA,San Diego
731,"Runolfsson, Leuschke and Jacobs",305-711-9344,mcaesarka@cnn.com,United States,FL,Miami
732,Anderson-Wiegand,212-796-0918,bscadekb@shop-pro.jp,United States,NY,Brooklyn
733,"Klein, West and McCullough",316-748-3373,elukehurstkc@seesaa.net,United States,KS,Wichita
734,Goyette-Sawayn,804-675-1213,lbindinkd@ocn.ne.jp,United States,VA,Richmond
735,Stroman Inc,801-267-8851,dealdenke@blogs.com,United States,UT,Salt Lake City
736,O'Keefe-Schiller,646-629-9559,pcarabetkf@is.gd,United States,NY,New York City
737,Gleason Inc,585-267-1821,wtondeurkg@furl.net,United States,NY,Rochester
738,Johns Inc,940-391-3828,ssymskh@amazonaws.com,United States,TX,Denton
739,Torp-Harvey,212-989-8261,lgyseki@virginia.edu,United States,NY,New York City
740,Walsh-Dach,480-656-8692,soldknowkj@seesaa.net,United States,AZ,Phoenix
741,Kunde Inc,949-225-5299,afarmankk@flavors.me,United States,CA,Newport Beach
742,Johns Inc,212-526-7019,klegionkl@oakley.com,United States,NY,New York City
743,Quigley Group,312-575-1115,ltargettkm@github.io,United States,IL,Aurora
744,Rath Group,540-608-0951,hodochertykn@stanford.edu,United States,VA,Roanoke
745,"Tromp, Ledner and Hudson",330-421-7604,kdumphryko@g.co,United States,OH,Youngstown
746,Parisian-Schumm,330-517-6822,dfellowskp@geocities.jp,United States,OH,Akron
747,Powlowski-Reilly,571-307-5100,bcrandonkq@blogspot.com,United States,VA,Richmond
748,Langosh-Miller,704-597-0703,sfairpokr@examiner.com,United States,NC,Charlotte
749,Renner and Sons,316-108-9341,rmuddks@miibeian.gov.cn,United States,KS,Wichita
750,"Carter, Schaden and Nicolas",504-375-2436,enapthinekt@wired.com,United States,LA,New Orleans
751,Cruickshank Inc,801-469-9429,wklezmskiku@sciencedirect.com,United States,UT,Salt Lake City
752,"Mayer, Brekke and Feil",316-845-3935,scussonskv@archive.org,United States,KS,Wichita
753,McLaughlin-Sauer,410-825-7197,rstellmankw@microsoft.com,United States,MD,Baltimore
754,"McDermott, Hudson and Hayes",808-375-0690,eknowlingkx@ustream.tv,United States,HI,Honolulu
755,"Treutel, Stehr and Vandervort",630-586-4359,mtwycrossky@theatlantic.com,United States,IL,Naperville
756,Emmerich LLC,313-611-0974,lrosencrantzkz@163.com,United States,MI,Detroit
757,Quigley-Carter,330-316-2122,rdawidowitschl0@si.edu,United States,OH,Youngstown
758,Gutkowski-Wiegand,225-169-1263,ehockingl1@ca.gov,United States,LA,Baton Rouge
759,"Kuhlman, Swaniawski and Olson",813-583-4202,szettoil2@bloglovin.com,United States,FL,Tampa
760,Lubowitz LLC,904-797-1085,bjaffral3@infoseek.co.jp,United States,FL,Jacksonville
761,"Wilderman, Rosenbaum and Brakus",310-325-1615,bmaxwelll4@unesco.org,United States,CA,Long Beach
762,"Stroman, Osinski and Wiza",434-131-1961,gkiftl5@stumbleupon.com,United States,NC,Durham
763,Hermann-Leffler,303-780-3106,gbilslandl6@ezinearticles.com,United States,CO,Denver
764,Spinka Inc,302-613-8924,ybrownl7@fema.gov,United States,DE,Wilmington
765,McCullough-Larkin,719-410-6385,udavidofl8@mail.ru,United States,CO,Colorado Springs
766,"Schowalter, Jacobson and Jacobs",763-996-4479,gmeacheml9@google.cn,United States,MN,Minneapolis
767,"Auer, Trantow and Bergnaum",206-675-7734,abambrickla@tmall.com,United States,WA,Seattle
768,"Mohr, Wuckert and Predovic",713-398-8703,kswetmorelb@tiny.cc,United States,TX,Amarillo
769,Jakubowski-Gutmann,619-438-8236,cbartleetlc@npr.org,United States,CA,San Diego
770,"Jacobs, Wehner and Hickle",936-832-9010,bharomeld@dion.ne.jp,United States,TX,Beaumont
771,"Wuckert, Beer and Champlin",770-504-4366,pvasicle@japanpost.jp,United States,GA,Lawrenceville
772,Boyer-Schroeder,858-771-0153,hwinsomlf@addthis.com,United States,CA,San Diego
773,Pfannerstill LLC,434-663-3493,geslielg@miitbeian.gov.cn,United States,VA,Lynchburg
774,Huels-Witting,614-359-6757,bpeseklh@pinterest.com,United States,OH,Columbus
775,Dare and Sons,951-570-1889,anoddleli@indiegogo.com,United States,CA,Corona
776,Abernathy Inc,507-248-8419,ameffenlj@gravatar.com,United States,MN,Rochester
777,O'Connell-Hand,813-291-2744,ypryorlk@comsenz.com,United States,FL,Tampa
778,Lehner-Schulist,-396-2048,pswinburnll@miibeian.gov.cn,United States,PA,Pittsburgh
779,Hills Inc,907-196-5188,bbortolinilm@soup.io,United States,AK,Anchorage
780,Robel-Thiel,918-367-4502,bskuseln@goodreads.com,United States,OK,Tulsa
781,Willms-Auer,419-742-7847,apaskinslo@xinhuanet.com,United States,OH,Toledo
782,Mayer-Yost,801-570-1520,dchasemoorelp@about.com,United States,TX,Waco
783,"Leffler, Zemlak and Gusikowski",949-563-0202,sdepinnalq@artisteer.com,United States,CA,Irvine
784,"Gerlach, Larson and Hirthe",205-735-1517,dsydenhamlr@engadget.com,United States,AL,Birmingham
785,"O'Connell, Kessler and Konopelski",607-481-3228,madshedls@ocn.ne.jp,United States,NY,Elmira
786,"Franecki, Cummings and Gorczany",406-959-3594,atabarylt@phpbb.com,United States,MT,Billings
787,"Schaden, Kerluke and Abshire",304-640-1014,skicklu@foxnews.com,United States,WV,Huntington
788,"Fay, Kerluke and Simonis",217-517-6699,awimburylv@utexas.edu,United States,IL,Springfield
789,Hayes and Sons,419-727-3121,cpischellw@alibaba.com,United States,OH,Toledo
790,"Becker, Beahan and Orn",646-828-8613,cbrendlx@toplist.cz,United States,NY,New York City
791,Sauer LLC,937-695-3192,fwylemanly@timesonline.co.uk,United States,OH,Dayton
792,Stiedemann-Nienow,402-703-4407,ijaffalz@nifty.com,United States,NE,Lincoln
793,Kessler-Hermann,815-794-8568,rcritzenm0@people.com.cn,United States,IL,Rockford
794,"Bradtke, Stroman and Morar",816-609-9169,ehattonm1@angelfire.com,United States,MO,Kansas City
795,Littel and Sons,786-142-7623,cortlerm2@skyrock.com,United States,FL,Miami
796,"Murray, Stamm and Hilll",202-923-8232,rbestm3@springer.com,United States,DC,Washington
797,Metz-Hudson,303-597-8229,rfleischerm4@jalbum.net,United States,CO,Aurora
798,Ward-Kilback,423-416-2208,jsyphusm5@unicef.org,United States,TN,Johnson City
799,"Ward, Morissette and Hettinger",806-523-0632,mmatussowm6@bluehost.com,United States,TX,Amarillo
800,Gutkowski-Fritsch,786-445-1143,mkerrodm7@gov.uk,United States,FL,Miami
801,Heidenreich-Hahn,757-590-1843,kcasonem8@xinhuanet.com,United States,VA,Norfolk
802,Metz-Prohaska,202-494-1976,davom9@myspace.com,United States,DC,Washington
803,Dibbert and Sons,585-336-3282,wmilmoma@addthis.com,United States,NY,Rochester
804,"Trantow, Batz and Tillman",412-814-2514,sbarnbymb@ow.ly,United States,PA,Pittsburgh
805,"Morar, Runolfsdottir and Jerde",412-973-5426,agatheralmc@photobucket.com,United States,PA,Pittsburgh
806,Padberg and Sons,682-417-3195,jmcclearymd@nymag.com,United States,TX,Fort Worth
807,Brekke LLC,408-836-0370,siglesiame@lulu.com,United States,CA,San Jose
808,"MacGyver, Wilderman and Mueller",502-528-0383,kdurbermf@google.de,United States,KY,Louisville
809,McDermott-Jones,707-678-4191,jshorthillmg@typepad.com,United States,CA,Santa Rosa
810,Stoltenberg-Fahey,914-348-9816,hmcpakemh@wufoo.com,United States,NY,Yonkers
811,Shields-Yost,951-932-1964,tsalernomi@acquirethisname.com,United States,CA,Corona
812,Goyette Inc,712-486-6826,cbrassillmj@123-reg.co.uk,United States,IA,Sioux City
813,"Sporer, Lang and Rowe",717-785-4162,ggilbodymk@nsw.gov.au,United States,PA,Harrisburg
814,Hagenes-Feeney,570-685-0612,cbixleyml@bizjournals.com,United States,PA,Wilkes Barre
815,Kuhlman LLC,773-999-2119,lcrambmm@jigsy.com,United States,IL,Chicago
816,"Lesch, Bednar and Kessler",917-170-1897,mcoombesmn@msu.edu,United States,NY,Bronx
817,"Deckow, Zemlak and Nader",317-294-9000,skinkeadmo@theatlantic.com,United States,IN,Indianapolis
818,Considine LLC,512-326-0521,cmacneishmp@ca.gov,United States,TX,Austin
819,O'Keefe-Borer,601-790-4983,lwemyssmq@columbia.edu,United States,MS,Jackson
820,Medhurst-Marvin,318-743-2527,ccheeldmr@wikispaces.com,United States,LA,Shreveport
821,Nienow-Cronin,646-691-4916,iadrianelloms@slashdot.org,United States,NY,New York City
822,"Moore, Gutkowski and Abbott",941-825-2627,calanbrookemt@aboutads.info,United States,FL,Naples
823,Gottlieb and Sons,617-614-4056,kglynmu@mtv.com,United States,MA,Boston
824,"Altenwerth, Feil and Williamson",804-873-1842,jbreezemv@opera.com,United States,VA,Richmond
825,Gerlach Inc,407-142-9038,cgrundermw@techcrunch.com,United States,FL,Kissimmee
826,Greenholt Group,970-199-0702,ielecummx@barnesandnoble.com,United States,CO,Greeley
827,"Dooley, Homenick and Goyette",806-242-9541,cpencostmy@etsy.com,United States,TX,Lubbock
828,Homenick-Miller,312-265-4569,swoottonmz@ucoz.ru,United States,IL,Chicago
829,O'Conner-Mayer,415-956-9620,dmanselln0@ezinearticles.com,United States,CA,San Francisco
830,Ernser Inc,516-938-3367,salldisn1@163.com,United States,NY,Hicksville
831,McKenzie Group,816-253-2479,mkinchinn2@amazon.de,United States,MO,Saint Joseph
832,Kautzer-Leuschke,502-513-6149,dmattocksn3@berkeley.edu,United States,KY,Frankfort
833,Wilderman-Rowe,650-209-2886,abendixenn4@uol.com.br,United States,CA,Los Angeles
834,Wintheiser-Grant,203-384-7601,eavonn5@creativecommons.org,United States,CT,Norwalk
835,"Ledner, Jakubowski and Hyatt",610-435-4270,ktewnionn6@yahoo.com,United States,PA,Reading
836,Wunsch Group,213-985-1044,kriddlern7@google.it,United States,CA,Los Angeles
837,O'Conner Group,773-712-7721,bpullmann8@edublogs.org,United States,IL,Chicago
838,Steuber Inc,813-409-3127,gdesseinen9@pinterest.com,United States,FL,Tampa
839,Pagac-Parisian,918-304-5418,lmedlenna@cpanel.net,United States,OK,Tulsa
840,"Witting, Effertz and Hermiston",979-815-5122,scookseynb@photobucket.com,United States,TX,Bryan
841,"Bednar, Kuhic and Spencer",907-399-6507,dcossamnc@istockphoto.com,United States,AK,Anchorage
842,Jacobi-Hessel,516-636-2397,ptymnd@cargocollective.com,United States,NY,New Hyde Park
843,Kihn Inc,781-979-1248,cotridgene@i2i.jp,United States,MA,Boston
844,Reynolds-Kuhn,704-793-7222,kcudihynf@utexas.edu,United States,NC,Charlotte
845,McKenzie LLC,520-114-5457,rcardenosang@slideshare.net,United States,AZ,Tucson
846,Rogahn-Moore,513-290-0706,kselwoodnh@msu.edu,United States,OH,Columbus
847,"Kris, Ryan and Boyle",602-269-0392,lsinnieni@about.me,United States,AZ,Mesa
848,"Cole, Bruen and Kunde",615-915-1818,gheimsnj@homestead.com,United States,TN,Murfreesboro
849,"Koss, Brakus and Littel",443-220-0169,pphizackleank@e-recht24.de,United States,MD,Baltimore
850,Greenfelder LLC,812-102-8262,rmiskinnl@blogtalkradio.com,United States,IN,Evansville
851,"Spencer, Maggio and Johnson",951-860-1101,slazonbynm@cnbc.com,United States,CA,Corona
852,Kuhlman-Marks,561-291-4449,eflipsnn@gravatar.com,United States,FL,West Palm Beach
853,Pfeffer-Bogan,757-719-6997,nwybornno@opera.com,United States,VA,Virginia Beach
854,Bogan LLC,915-194-2891,kdosdellnp@timesonline.co.uk,United States,TX,El Paso
855,"Ortiz, Bartell and Kautzer",321-743-7054,jgorlingnq@joomla.org,United States,FL,Pinellas Park
856,Wisozk Inc,405-599-5589,zfishbournnr@seattletimes.com,United States,OK,Oklahoma City
857,Moore LLC,202-570-2878,fdanglns@youtube.com,United States,DC,Washington
858,Deckow-King,901-111-2967,dreichertnt@boston.com,United States,TN,Memphis
859,"Littel, Willms and Conroy",303-831-6918,svassenu@ask.com,United States,CO,Aurora
860,Green-Ferry,713-643-5538,sigonv@quantcast.com,United States,TX,Houston
861,"Turner, Russel and Steuber",330-339-6524,cslingsbynw@howstuffworks.com,United States,OH,Youngstown
862,"D'Amore, Mitchell and Reinger",339-633-2514,pbraceynx@shinystat.com,United States,MA,Lynn
863,"Emmerich, Oberbrunner and Kris",402-905-6894,ncongraveny@youtube.com,United States,NE,Omaha
864,Reichert-Nienow,213-817-4790,jmaygernz@independent.co.uk,United States,CA,Los Angeles
865,Spencer and Sons,786-447-4609,idullinghamo0@slashdot.org,United States,FL,Miami
866,Trantow-Murphy,401-815-7171,hmessitero1@time.com,United States,TX,Amarillo
867,"Simonis, Ritchie and Hane",212-174-3339,wfawdreyo2@gmpg.org,United States,NY,Brooklyn
868,"Schaefer, Bartell and Daniel",304-912-2871,gklicho3@free.fr,United States,WV,Charleston
869,"Kirlin, Larkin and Labadie",732-329-7436,asteeto4@hhs.gov,United States,NJ,New Brunswick
870,Moen-Hilpert,239-306-2396,kmedlicotto5@ebay.co.uk,United States,FL,Naples
871,Cruickshank and Sons,206-680-7760,zeisenbergo6@macromedia.com,United States,WA,Seattle
872,Maggio-Mayer,702-111-1874,ahillino7@ibm.com,United States,NV,Las Vegas
873,Metz-Wisozk,646-597-8968,aliversageo8@sbwire.com,United States,NY,New York City
874,"Keebler, Champlin and Jacobson",508-973-8316,jbeamonto9@blogspot.com,United States,MA,Boston
875,"Bauch, Flatley and Bogan",305-381-4694,opiffoa@noaa.gov,United States,FL,Pompano Beach
876,Muller-Mraz,251-794-9720,agiddingsob@hugedomains.com,United States,AL,Mobile
877,Cartwright-Quitzon,860-611-9945,dgartonoc@apache.org,United States,CT,Hartford
878,"Connelly, Bosco and Kessler",713-402-1000,ccleefod@rediff.com,United States,TX,Houston
879,"King, Ernser and Smitham",682-421-1889,jwoolfordoe@nationalgeographic.com,United States,TX,Denton
880,Lowe Inc,303-573-3271,gjoselinof@woothemes.com,United States,CO,Denver
881,Kilback-Boehm,435-305-0770,apiattiog@linkedin.com,United States,UT,Salt Lake City
882,Roberts-Ziemann,401-158-0624,yattenburrowoh@ucoz.com,United States,RI,Providence
883,Monahan-Yundt,602-318-4159,dlomaxoi@ted.com,United States,AZ,Phoenix
884,Spencer and Sons,305-352-9336,pghilksoj@cbsnews.com,United States,FL,Miami
885,Hilll-Osinski,202-614-3859,zdrinkwaterok@princeton.edu,United States,DC,Washington
886,Hirthe-Borer,757-804-0858,lhaytool@cisco.com,United States,VA,Norfolk
887,Goodwin Inc,505-256-2579,apilburyom@ebay.co.uk,United States,NM,Santa Fe
888,Bergstrom-Upton,832-660-1928,jcrystalon@w3.org,United States,TX,Spring
889,Fahey-Reynolds,323-736-9147,jnoeloo@issuu.com,United States,CA,Los Angeles
890,Corkery and Sons,614-284-0408,wmacarthurop@europa.eu,United States,OH,Columbus
891,Volkman-Krajcik,314-822-3400,bcourteneyoq@businesswire.com,United States,MO,Saint Louis
892,Romaguera Group,860-533-9367,sgrowyor@epa.gov,United States,CT,Hartford
893,Kohler Group,651-249-1810,jgreberos@squidoo.com,United States,MN,Saint Paul
894,Pfeffer Inc,813-325-1599,lhartfleetot@umich.edu,United States,FL,Zephyrhills
895,Grant-Kertzmann,816-898-5906,wmeldrumou@alexa.com,United States,MO,Kansas City
896,Fay Group,318-795-2412,jbosmanov@zimbio.com,United States,LA,Shreveport
897,Larkin and Sons,772-350-5529,lbackeow@zimbio.com,United States,FL,Fort Pierce
898,Weissnat-Pfeffer,205-606-7456,cswalesox@squidoo.com,United States,AL,Birmingham
899,"Rippin, Schowalter and Boehm",585-256-4455,cburchalloy@aboutads.info,United States,NY,Rochester
900,Prohaska and Sons,559-694-3535,fvasileoz@godaddy.com,United States,CA,Garden Grove
901,Toy-Heidenreich,254-161-7627,smouginp0@state.tx.us,United States,TX,Gatesville
902,"Schiller, Luettgen and Wehner",413-191-4781,mduhigp1@huffingtonpost.com,United States,MA,Springfield
903,Volkman and Sons,812-910-2284,mraulstonep2@earthlink.net,United States,IN,Bloomington
904,Kautzer-Muller,513-284-5794,mvitetp3@purevolume.com,United States,OH,Cincinnati
905,"Donnelly, Swaniawski and Medhurst",260-112-3835,wandrusovp4@webmd.com,United States,IN,Fort Wayne
906,"Goyette, Schmidt and Sauer",412-131-0500,lgothrupp5@reference.com,United States,PA,Pittsburgh
907,Runte and Sons,319-938-3189,mgrubbp6@intel.com,United States,IA,Iowa City
908,Kris-Ratke,202-533-3677,vyurchishinp7@dedecms.com,United States,DC,Washington
909,Hodkiewicz-Reichel,520-163-6405,ccroserp8@istockphoto.com,United States,AZ,Tucson
910,Cummerata-Greenholt,646-350-5272,afawdryp9@photobucket.com,United States,NY,New York City
911,"Pollich, Hackett and Schiller",814-568-4396,fpietznerpa@woothemes.com,United States,PA,Erie
912,Thompson LLC,918-332-3240,rdimblebypb@usda.gov,United States,OK,Tulsa
913,Hills-Corwin,608-685-3551,dbesantiepc@webeden.co.uk,United States,WI,Madison
914,Champlin-Stiedemann,213-812-3815,abeasantpd@skyrock.com,United States,CA,Los Angeles
915,"Koch, Kemmer and Hahn",402-650-8139,mmccreerype@virginia.edu,United States,NE,Omaha
916,Bailey Inc,913-379-1196,thumpf@deliciousdays.com,United States,KS,Shawnee Mission
917,Windler Inc,916-859-6876,klaverypg@toplist.cz,United States,CA,Sacramento
918,Berge-Harber,719-707-6636,hrubbertph@paginegialle.it,United States,CO,Colorado Springs
919,"Powlowski, Bradtke and Marvin",979-213-2964,ddyersonpi@sphinn.com,United States,TX,Bryan
920,Runolfsson Inc,408-502-5304,ltanderpj@sogou.com,United States,CA,San Jose
921,Daniel and Sons,860-258-1341,oedlestonepk@cbslocal.com,United States,CT,West Hartford
922,"Considine, Buckridge and Quigley",304-129-2410,gselwaypl@sakura.ne.jp,United States,WV,Charleston
923,Rippin-McLaughlin,325-726-4736,dmeneghellipm@amazon.co.jp,United States,TX,San Angelo
924,"Jenkins, Gusikowski and Pouros",423-306-3792,aglencrospn@jimdo.com,United States,TN,Chattanooga
925,Dibbert-Tromp,682-569-5733,slanderpo@last.fm,United States,TX,Denton
926,Bartell and Sons,913-315-9596,bfearnillpp@patch.com,United States,KS,Shawnee Mission
927,Herman-Johnston,443-360-7840,tdiggespq@cyberchimps.com,United States,MD,Annapolis
928,Mraz Inc,702-103-0514,vcicullopr@google.com,United States,NV,Las Vegas
929,Kunde-Bashirian,513-357-2354,mtrotterps@fc2.com,United States,OH,Cincinnati
930,Haag LLC,281-192-6814,vlibbispt@indiegogo.com,United States,TX,Spring
931,Satterfield-Waelchi,205-753-7429,mknapperpu@nsw.gov.au,United States,AL,Tuscaloosa
932,Marquardt-Weissnat,623-101-4881,aflemingpv@skype.com,United States,AZ,Peoria
933,Wolf-King,812-497-4500,btordiffepw@usatoday.com,United States,IN,Evansville
934,Crist LLC,626-870-4835,kdingsdalepx@51.la,United States,CA,Burbank
935,Schultz-Bradtke,573-642-7358,ospatpy@unicef.org,United States,MO,Jefferson City
936,Daugherty and Sons,229-809-7469,rrachuigpz@bloglines.com,United States,GA,Albany
937,Lakin-Metz,206-226-6992,crustonq0@bbb.org,United States,WA,Seattle
938,Okuneva LLC,205-640-1653,dsapsonq1@discovery.com,United States,AL,Birmingham
939,Bednar and Sons,202-521-2390,skisbeyq2@hud.gov,United States,DC,Washington
940,West Inc,646-838-4260,geldridq3@salon.com,United States,NY,Brooklyn
941,"Stokes, Welch and Maggio",712-714-3294,acosfordq4@squidoo.com,United States,IA,Sioux City
942,"Schinner, Crona and Thompson",469-292-1309,oshakesbyq5@yahoo.com,United States,TX,Dallas
943,Conroy Group,206-298-0515,thillandq6@engadget.com,United States,WA,Bellevue
944,Gislason-Larson,337-310-4113,djennemannq7@cbslocal.com,United States,LA,Lafayette
945,Kutch LLC,773-940-6380,lliebermannq8@123-reg.co.uk,United States,IL,Chicago
946,"Barton, Ratke and Hoeger",801-119-7713,mrobinettq9@about.com,United States,UT,Salt Lake City
947,"Parisian, Spencer and Deckow",213-126-7139,npriddyqa@ca.gov,United States,CA,Los Angeles
948,Becker-Hodkiewicz,602-578-0098,oharmanqb@pagesperso-orange.fr,United States,AZ,Phoenix
949,Leuschke and Sons,612-391-0824,cpithcockqc@dedecms.com,United States,MN,Minneapolis
950,Conroy-Harber,505-345-8465,tbrightwellqd@seesaa.net,United States,NM,Santa Fe
951,Jaskolski-Yundt,865-926-4214,tcrusqe@omniture.com,United States,TN,Knoxville
952,Skiles-Bayer,303-487-3345,cpassoqf@ameblo.jp,United States,CO,Denver
953,Cole Inc,612-441-5637,zvarnhamqg@seesaa.net,United States,MN,Minneapolis
954,Turcotte-Bashirian,754-304-8151,ddutnallqh@techcrunch.com,United States,FL,Fort Lauderdale
955,Ritchie-Harris,508-924-5981,iloadmanqi@nhs.uk,United States,MA,New Bedford
956,"Volkman, Russel and Heaney",610-316-7146,lmilaqj@jimdo.com,United States,PA,Philadelphia
957,Boyle Inc,661-261-8974,phryskiewiczqk@tiny.cc,United States,CA,Burbank
958,Graham Inc,515-813-7360,spettersql@illinois.edu,United States,IA,Des Moines
959,Dare-Huel,915-525-9059,rtominiqm@ibm.com,United States,TX,El Paso
960,"Beer, Bruen and Bednar",513-930-1824,fphysickqn@cdc.gov,United States,OH,Cincinnati
961,Stark-Block,216-661-4169,bateridgeqo@cnn.com,United States,OH,Cleveland
962,Wilkinson-Halvorson,512-528-5995,ggrannellqp@etsy.com,United States,TX,Austin
963,"Schumm, Will and Muller",954-989-5395,mhourihaneqq@chicagotribune.com,United States,FL,West Palm Beach
964,"Feest, Dickens and Donnelly",262-979-6339,bsemberqr@intel.com,United States,WI,Racine
965,Lesch Inc,918-426-1656,sspincksqs@google.co.jp,United States,OK,Tulsa
966,"Bayer, Towne and Stanton",952-656-4107,cdebowqt@mapy.cz,United States,MN,Young America
967,"DuBuque, Bayer and Ritchie",202-691-3126,kvanderweedenburgqu@zdnet.com,United States,DC,Washington
968,Purdy-Pfeffer,619-528-4206,dmakenqv@google.co.jp,United States,CA,San Diego
969,"Walter, Tremblay and Boehm",813-680-4458,rleppingtonqw@ask.com,United States,FL,Zephyrhills
970,"Nicolas, Kiehn and Jerde",713-352-8845,omarchandqx@cornell.edu,United States,TX,Houston
971,Denesik-Bayer,202-935-3534,kaidlerqy@lulu.com,United States,DC,Washington
972,"Rutherford, Morar and Legros",202-220-2374,gpoorqz@eventbrite.com,United States,DC,Washington
973,Von and Sons,617-733-6492,jpavettr0@about.me,United States,MA,Newton
974,O'Conner-Bergstrom,561-688-3281,bliner1@bloglines.com,United States,FL,West Palm Beach
975,Bechtelar and Sons,510-785-6907,kdelamarr2@noaa.gov,United States,CA,Oakland
976,Nicolas-Predovic,916-622-6787,aklaiserr3@army.mil,United States,CA,Sacramento
977,Abshire Inc,734-564-0992,apiper4@unicef.org,United States,MI,Dearborn
978,Rolfson Group,419-294-1563,dclaffeyr5@phpbb.com,United States,OH,Toledo
979,Fadel-Schumm,256-520-4904,lvonhelmholtzr6@simplemachines.org,United States,AL,Huntsville
980,Hagenes and Sons,248-204-7147,ghidderleyr7@reverbnation.com,United States,MI,Farmington
981,Waters LLC,714-753-3589,lprofitr8@sina.com.cn,United States,CA,Fullerton
982,"Emard, Jones and Crooks",202-903-2300,ygiacobonir9@sohu.com,United States,DC,Washington
983,McDermott-Dibbert,303-432-1591,aatterleyra@twitter.com,United States,CO,Denver
984,"Hackett, Sipes and Streich",513-664-9038,fsiebrb@typepad.com,United States,OH,Cincinnati
985,Armstrong-Kuhlman,305-200-6142,rocodihierc@gov.uk,United States,FL,Miami
986,Becker-Denesik,903-306-4076,awoolfendenrd@plala.or.jp,United States,TX,Tyler
987,Wisoky Group,949-952-7554,swaddamsre@slashdot.org,United States,CA,San Diego
988,"Skiles, Kuhlman and Russel",727-577-1900,rcooksleyrf@cisco.com,United States,FL,Saint Petersburg
989,"Stoltenberg, Yundt and Cummerata",512-171-0570,slidgertonrg@stumbleupon.com,United States,TX,Austin
990,Blanda-Cummings,502-331-8328,pklawirh@free.fr,United States,KY,Louisville
991,"Prosacco, Gulgowski and Ondricka",650-614-7305,lmoodyclifferi@mapquest.com,United States,CA,Mountain View
992,Sipes and Sons,917-597-1381,jmacgheerj@mysql.com,United States,NY,New York City
993,"Grimes, Carter and Kirlin",202-239-4799,hmillandrk@chronoengine.com,United States,DC,Washington
994,Schowalter Group,608-769-4313,pmcalinionrl@sohu.com,United States,WI,Madison
995,"Lind, Hoppe and Lindgren",646-104-4714,shullerm@smugmug.com,United States,NY,New York City
996,"Blick, Kozey and Okuneva",714-189-1860,fsennrn@etsy.com,United States,CA,Los Angeles
997,"Harris, Ferry and Gibson",212-382-4345,aspenderro@parallels.com,United States,NY,Jamaica
998,"Abbott, Crona and Terry",502-598-2758,gfarrynrp@typepad.com,United States,KY,Louisville
999,Walsh and Sons,801-124-4079,fhoovartrq@nbcnews.com,United States,UT,Salt Lake City
1000,Herman-Harris,812-195-8965,gdeavesrr@ow.ly,United States,IN,Evansville
