Consultant_ID,Name,Email,Phone,PerformanceRating
C0001,Ian Callahan,icallahan854@ise558.com,454-954-7821x7334,Average
C0002,Jonathan Peterson,jonathanpeterson238@ise558.com,211-976-1007,Average
C0003,William Silva,wsilva579@ise558.com,(351)944-8676,Average
C0004,Angel Rodriguez,angelrodriguez604@ise558.com,604-690-6554,Average
C0005,Shawn Myers,shawnmyers413@ise558.com,(228)882-0155x031,Average
C0006,John Morales,johnmorales686@ise558.com,807-926-8278x239,Average
C0007,Lori Vargas,lvargas825@ise558.com,(748)402-2890x3343,Low
C0009,Ashley James,ajames346@ise558.com,001-298-788-8977x465,Average
C0010,Jonathan Wiley,jwiley430@ise558.com,282-394-4176,High
C0011,Janet Wade,jwade208@ise558.com,(836)696-1867x6990,Average
C0013,Cody Oconnor,codyoconnor875@ise558.com,(718)827-0099x620,Average
C0014,Kathleen Carroll,kcarroll780@ise558.com,(591)998-7825x7848,Average
C0015,Justin Taylor,jtaylor280@ise558.com,749.690.1833x34055,Average
C0016,Victor Dunn,victordunn761@ise558.com,(756)426-9139x23002,Low
C0017,Kristin Page,kristinpage983@ise558.com,917-545-9971,Average
C0018,Julia Elliott,juliaelliott867@ise558.com,+1-263-485-6290x2668,Average
C0020,Charles Thompson,charlesthompson946@ise558.com,731.437.4337x646,Average
C0021,Ruben Norman,rnorman523@ise558.com,826-303-0516x6060,Average
C0022,Crystal Clark,cclark629@ise558.com,(940)654-2957,Average
C0023,Robert Murphy,robertmurphy123@ise558.com,823.811.3183x2059,Average
C0024,Kevin Hart,kevinhart774@ise558.com,(481)617-9989,Average
C0026,Kyle Estrada,kestrada157@ise558.com,337-465-4853x76973,Average
C0027,Megan Howell,mhowell541@ise558.com,+1-359-498-1175x8444,Average
C0028,Scott Harris,sharris854@ise558.com,495.451.0538,Average
C0029,Gail Roach,groach613@ise558.com,426-326-0976x98907,Average
C0030,Diane Prince,dprince949@ise558.com,001-229-516-0644x651,High
C0031,Karen Buck,kbuck155@ise558.com,(217)901-2602,Average
C0032,Gina Rich,grich274@ise558.com,001-429-314-3907,High
C0033,Brenda Sanchez,brendasanchez861@ise558.com,7614974541,Average
C0039,Barry Brown,barrybrown143@ise558.com,(919)771-3696x536,Average
C0041,Cathy Joseph,cjoseph755@ise558.com,(353)872-5725x4482,Average
C0042,Larry Medina,larrymedina396@ise558.com,380-932-8796x3931,High
C0043,Ashley Warren,awarren767@ise558.com,+1-582-389-4610x461,High
C0044,Donald Castro,donaldcastro691@ise558.com,336.539.8766x202,Low
C0045,Megan Cox,megancox616@ise558.com,(908)347-4952,High
C0047,Melissa Robbins,mrobbins589@ise558.com,(983)435-9682x998,Average
C0049,Jonathan Solomon,jonathansolomon867@ise558.com,860.877.4191,Average
C0050,Michael Russell,mrussell915@ise558.com,6052579344,Average
C0051,Samantha Cox,scox337@ise558.com,4219828866,Average
C0052,Daniel Allen,dallen570@ise558.com,(958)982-2930,Average
C0053,Dr. Elizabeth Shields,delizabeth shields393@ise558.com,(878)660-4633,High
C0054,John Cross,jcross879@ise558.com,542.820.7700x772,Average
C0055,Crystal Perry,crystalperry789@ise558.com,(768)399-4647x649,Average
C0056,David Cardenas,dcardenas877@ise558.com,+1-649-944-8162,Average
C0057,John Roberts,johnroberts250@ise558.com,2674257591,Average
C0058,Adrienne Williams,awilliams491@ise558.com,907-535-5726,High
C0059,Julie Stephens,juliestephens693@ise558.com,8675446394,Average
C0060,Kevin Castillo,kcastillo590@ise558.com,001-582-428-9767x443,Average
C0061,James Brewer,jbrewer930@ise558.com,430-242-9194,Average
C0062,Ashley Williamson,ashleywilliamson395@ise558.com,352.857.5621x2516,Average
C0063,Steven Murray,smurray467@ise558.com,(887)335-1369x353,Average
C0064,Vincent Brown,vincentbrown222@ise558.com,558-213-3128,Average
C0065,Robert Grant,robertgrant744@ise558.com,3177237233,Average
C0066,Brenda Duffy,brendaduffy290@ise558.com,(821)254-4610,Average
C0067,Raymond Smith,raymondsmith868@ise558.com,931-715-7613,Low
C0068,Mrs. Heather Oliver,mheather oliver671@ise558.com,(790)636-5917,Average
C0069,David Vasquez,davidvasquez367@ise558.com,+1-429-503-8553x65717,Average
C0070,Erin Gray,egray629@ise558.com,758-512-8995x268,Average
C0071,Wendy Bass,wbass135@ise558.com,978.863.2489,Average
C0072,Jamie Brown,jamiebrown255@ise558.com,487.935.4808,Average
C0073,Melissa Grant,melissagrant692@ise558.com,001-494-227-8836x6363,Average
C0074,Nicole Neal,nicoleneal569@ise558.com,325.763.1580x333,High
C0075,Sarah Owens,sowens161@ise558.com,486.660.3876,Average
C0077,Alyssa Alvarez,aalvarez293@ise558.com,984-738-6971x289,Average
C0078,Carl Vaughan,cvaughan804@ise558.com,2386500791,Average
C0079,Michael Choi,mchoi193@ise558.com,649.966.3766x7854,High
C0080,Jonathan Costa,jcosta450@ise558.com,001-222-729-4042,Average
C0081,Kari Waller,kariwaller579@ise558.com,(470)951-0531,High
C0082,Lisa Collins,lcollins957@ise558.com,001-681-351-4474x7116,Average
C0083,Colton Greene,coltongreene715@ise558.com,544.387.2868x266,Average
C0084,Samantha Middleton,smiddleton360@ise558.com,4968529026,Average
C0085,Sharon Salinas,sharonsalinas511@ise558.com,001-769-821-1162,Low
C0086,Ashley Brown,ashleybrown393@ise558.com,(675)915-8687x46191,High
C0087,Tracey Ortiz,tortiz818@ise558.com,811-215-5932x962,High
C0088,Holly Lee,hlee935@ise558.com,662-933-4626,Average
C0089,Reginald Blair,reginaldblair910@ise558.com,(666)252-3327,Average
C0090,Victor Hale,victorhale871@ise558.com,001-915-402-0797x6141,Average
C0091,Amanda Smith,amandasmith434@ise558.com,270-408-7333,Average
C0092,Samuel Barajas,samuelbarajas789@ise558.com,001-243-461-4615,High
C0093,Leslie Lee,leslielee664@ise558.com,472.537.8344x755,Average
C0094,Erica Conley,ericaconley874@ise558.com,508-684-7324,Average
C0095,Edward Smith,esmith301@ise558.com,(590)643-9747x023,Average
C0096,John Bradley,jbradley797@ise558.com,512.221.9705x97215,Average
C0097,Samantha Smith,ssmith875@ise558.com,001-863-637-6952x905,Average
C0098,Margaret Johnson,mjohnson958@ise558.com,(284)964-8038,High
C0099,Mr. James Kline,mjames kline533@ise558.com,624.815.3285,Average
C0100,Jeffrey Harris,jeffreyharris479@ise558.com,243-272-8930,High
C0101,Whitney Stein,whitneystein455@ise558.com,+1-587-852-0237x0908,Average
C0102,Brittney Ball,brittneyball486@ise558.com,+1-475-474-0307x28110,High
C0103,Andrew Hubbard,ahubbard882@ise558.com,(922)815-9669x155,Average
C0104,Emily Ellis,eellis391@ise558.com,987-364-2116,Average
C0105,Christopher Williams,christopherwilliams103@ise558.com,001-410-848-9912x164,High
C0106,Aaron Edwards,aedwards790@ise558.com,941-765-0381,High
C0107,John Watson,johnwatson789@ise558.com,949.547.8759x670,Average
C0109,Debbie Cooper,dcooper401@ise558.com,962.281.4143x7128,Average
C0110,Teresa Gomez,tgomez905@ise558.com,6782895324,Average
C0111,Laura Morales,lauramorales980@ise558.com,259.655.2011x28357,High
C0112,Rickey Gilbert,rickeygilbert317@ise558.com,(583)805-8803,Average
C0113,Denise Hood,dhood503@ise558.com,+1-219-221-5799x657,Average
C0114,Victor Ramirez,vramirez978@ise558.com,(969)913-1379x09514,Average
C0115,Johnathan Olson,johnathanolson803@ise558.com,(801)546-0204,Average
C0116,John Rivera,johnrivera597@ise558.com,789.926.2060x548,Average
C0117,Jonathan Ross,jonathanross474@ise558.com,001-239-295-9095x216,Average
C0118,Austin Hoover,austinhoover811@ise558.com,(688)847-1585,Average
C0119,Ryan Robertson,rrobertson263@ise558.com,(983)383-2212,Average
C0120,Jennifer Ayers,jayers159@ise558.com,001-306-219-9911x2421,Average
C0121,Wendy Kramer,wendykramer369@ise558.com,8535758980,Average
C0122,Adam Mendoza,adammendoza945@ise558.com,490-714-8349,Average
C0123,George Turner,georgeturner254@ise558.com,798.364.8193x01822,Average
C0124,Courtney Wells,courtneywells625@ise558.com,9894606599,Average
C0125,Ryan Cooper,rcooper175@ise558.com,451.462.6529,Average
C0126,Amy Alexander,amyalexander386@ise558.com,001-244-354-2892x4019,Average
C0127,Paul Shaw,pshaw190@ise558.com,(521)611-8118x3159,Average
C0128,Kimberly Wilkins,kimberlywilkins902@ise558.com,227-698-4570,Average
C0129,Deanna Hancock,deannahancock293@ise558.com,+1-548-387-4770x173,Average
C0130,Shannon Romero,shannonromero562@ise558.com,(304)665-8843x414,Average
C0131,Melissa Morgan,mmorgan546@ise558.com,378.558.7926x6574,Average
C0132,Curtis Gould,curtisgould350@ise558.com,810.257.5547x05147,Average
C0133,Robin Foster,rfoster862@ise558.com,+1-417-542-7531,Average
C0134,Diane Alexander,dalexander193@ise558.com,665.556.1746x9410,Average
C0135,Megan Willis,mwillis813@ise558.com,001-820-289-3847x7598,Average
C0136,Christopher Elliott,christopherelliott718@ise558.com,4686111192,Average
C0137,Robin Jackson,robinjackson485@ise558.com,5124746250,Average
C0138,Barbara Harper,bharper114@ise558.com,(803)482-9279x503,Average
C0139,Daniel Parrish,dparrish941@ise558.com,379.730.4515x337,Average
C0141,Bryce Olson,bolson560@ise558.com,903-403-9802x3110,Average
C0142,Chloe English,chloeenglish893@ise558.com,401.333.2390x453,Average
C0144,Mercedes Diaz,mercedesdiaz601@ise558.com,623-827-8522x0542,Average
C0145,David Black,davidblack167@ise558.com,001-906-608-4469x360,Average
C0146,Pamela Cook,pamelacook808@ise558.com,001-763-718-3178x647,Average
C0147,Michael Davis,mdavis282@ise558.com,684.532.5931,Average
C0149,Angela Greene,angelagreene766@ise558.com,(877)687-5191x301,Average
C0150,William Gutierrez,williamgutierrez801@ise558.com,445.600.3883,Average
C0151,Rachael Richard,rachaelrichard877@ise558.com,532-374-9369,Average
C0152,Amy Smith,asmith403@ise558.com,492.682.3367,Average
C0153,Thomas Chen,tchen564@ise558.com,(980)888-0000,Average
C0154,Dennis Medina,dennismedina993@ise558.com,448.926.4621,Average
C0155,Jacqueline Hobbs,jacquelinehobbs531@ise558.com,001-688-728-8446x92125,Average
C0156,Rebecca Thomas,rebeccathomas331@ise558.com,+1-242-758-4288x4593,Average
C0157,Barbara Mccormick,bmccormick898@ise558.com,696-786-7623x006,Average
C0158,Eric Brown,ericbrown224@ise558.com,469-216-4056,High
C0159,Loretta Cooper,lcooper933@ise558.com,+1-645-235-9733x0303,Average
C0160,Pamela Anderson,panderson851@ise558.com,+1-955-444-8570,Average
C0161,James Carter,jcarter923@ise558.com,372.595.9016x80474,Average
C0162,Debra Deleon,ddeleon616@ise558.com,(477)742-8094x46629,Low
C0163,Brian Miller,brianmiller500@ise558.com,420-784-2148x293,Low
C0164,Carla Meyers,carlameyers521@ise558.com,+1-242-545-5035,Average
C0165,Charles Edwards,cedwards908@ise558.com,001-742-298-6871x72647,Average
C0166,Tom Watson,twatson891@ise558.com,+1-423-393-0147,Average
C0167,Raymond Weber,rweber841@ise558.com,739.717.8116x79522,Average
C0168,Randy Johnson,rjohnson489@ise558.com,(532)739-4629,Average
C0169,Justin Fisher,jfisher565@ise558.com,5685966200,Average
C0170,Peter Butler,pbutler667@ise558.com,292.570.5964,Average
C0171,Brian Klein,bklein185@ise558.com,+1-387-242-6989x59704,Average
C0172,Jesus Rodriguez,jrodriguez151@ise558.com,+1-577-297-4187x61202,Average
C0173,Tina Parsons,tparsons941@ise558.com,647.549.3638x87306,Average
C0174,Dennis Williams,denniswilliams163@ise558.com,760-739-9772x8044,High
C0175,Daniel Murray,dmurray932@ise558.com,343-901-6546,Average
C0176,Howard Turner,hturner603@ise558.com,001-731-717-7698x921,Average
C0177,Mark Howard,markhoward594@ise558.com,372-504-9574x564,High
C0178,Hannah Riley,hriley895@ise558.com,984.816.3441x452,High
C0179,Stephanie Rose,stephanierose279@ise558.com,(312)641-0818x26395,Average
C0180,Andrea Smith,asmith302@ise558.com,001-419-368-0706x05667,Average
C0181,Pedro Webb,pedrowebb875@ise558.com,(309)229-9205x9793,Average
C0182,Eric Lopez,elopez849@ise558.com,489.525.1897x51145,Average
C0183,Erica Davies,ericadavies971@ise558.com,+1-455-272-4438,Average
C0184,Kyle Harrison,kharrison567@ise558.com,(614)651-9985x550,Average
C0185,Mike Garza,mikegarza499@ise558.com,(994)885-0033x127,High
C0186,Margaret Carroll,margaretcarroll520@ise558.com,415-329-2063,Average
C0187,Christopher Powell,christopherpowell293@ise558.com,+1-485-298-8883x7285,Average
C0188,Susan Pena,susanpena710@ise558.com,+1-300-255-3307x9079,Average
C0189,Debra Scott,debrascott782@ise558.com,001-722-756-0489x46446,High
C0190,Nathaniel Bennett,nathanielbennett198@ise558.com,+1-377-266-5995,Average
C0191,John Velasquez,jvelasquez593@ise558.com,2387308709,Average
C0192,Virginia Perez,vperez372@ise558.com,766.909.3471,Average
C0193,Jamie Clark,jamieclark148@ise558.com,425-535-5287,Average
C0194,Olivia Johnson,oliviajohnson505@ise558.com,(213)755-1011,Average
C0195,Lauren Johnston,laurenjohnston588@ise558.com,(648)614-8645x06103,Low
C0197,James Everett,jeverett448@ise558.com,+1-614-289-7856,Average
C0198,Evelyn Willis,evelynwillis168@ise558.com,+1-552-567-4957x670,Average
C0200,Nathan Weaver,nweaver740@ise558.com,(889)597-2494,High
C0201,Thomas Thompson,tthompson451@ise558.com,001-369-267-8346,Average
C0202,Daniel Contreras,danielcontreras655@ise558.com,001-622-554-7755x33476,Average
C0203,Mackenzie Avila,mackenzieavila747@ise558.com,001-779-766-9360x56297,Average
C0204,Daniel Molina,dmolina764@ise558.com,252-516-4686x688,Average
C0205,Daniel Reese,dreese924@ise558.com,923-411-3540x7836,Average
C0206,Jennifer Conner,jconner316@ise558.com,5148246411,Average
C0208,Robert Johnson,robertjohnson933@ise558.com,001-596-693-8074x530,Average
C0210,Elizabeth Hall DDS,elizabethhall dds644@ise558.com,916.606.8918x16823,Average
C0211,Autumn Burton,autumnburton661@ise558.com,(717)942-5220x822,Average
C0212,Denise Ward,deniseward304@ise558.com,748-548-9640,Average
C0213,Robert Flores,robertflores625@ise558.com,300-753-1554x26460,Average
C0215,Ronald Martin,ronaldmartin857@ise558.com,568.768.2810,Average
C0216,Kathleen Foster,kathleenfoster315@ise558.com,552.380.6074,Average
C0217,Chloe Sexton,chloesexton402@ise558.com,954-906-7630x076,Average
C0218,Rose Deleon,rdeleon507@ise558.com,351.252.6621x690,Average
C0219,Justin Santiago,justinsantiago843@ise558.com,827-906-9418,Average
C0220,Amber Wilson,amberwilson308@ise558.com,(326)860-1409,Average
C0221,Ronald Adams,radams726@ise558.com,+1-478-661-1160x4463,Average
C0222,Gina Rodriguez,ginarodriguez623@ise558.com,7256626132,High
C0223,Amy Pratt DDS,apratt dds176@ise558.com,+1-230-790-4258x37169,High
C0225,John Lewis,jlewis867@ise558.com,(610)685-9391x69716,Average
C0226,Gary Woodward,gwoodward867@ise558.com,001-683-284-8288x97048,Average
C0227,Courtney Ellis,cellis865@ise558.com,(653)751-9547x030,High
C0228,Kimberly Ashley,kashley960@ise558.com,361-456-6995,Average
C0229,Luke Scott,lukescott753@ise558.com,9688940543,Average
C0230,Amanda Hutchinson,ahutchinson728@ise558.com,242.966.1169x4580,Average
C0231,Thomas Burnett,thomasburnett981@ise558.com,763-667-6689x4433,Average
C0232,James Cantrell,jamescantrell584@ise558.com,+1-693-721-9011x877,Average
C0233,Steven Romero,stevenromero151@ise558.com,663.986.4570,Average
C0234,Zoe Wallace,zoewallace657@ise558.com,429-416-9506x547,Average
C0235,Paul Edwards,pedwards747@ise558.com,275.442.4365x6245,Average
C0236,Joseph Bates,josephbates266@ise558.com,339.574.5508x30001,Average
C0237,Alicia Chavez,achavez956@ise558.com,530-493-6572,Average
C0238,Randy Young,randyyoung670@ise558.com,(273)382-5086x4785,High
C0239,Ashley Vaughn,avaughn593@ise558.com,347.302.3282,Average
C0240,Maria Woods,mariawoods961@ise558.com,372-296-6911,Average
C0241,Anthony Hernandez,anthonyhernandez319@ise558.com,306-850-3771x939,Average
C0242,Robert Marshall,robertmarshall256@ise558.com,453.256.4695x108,Average
C0243,Francisco Ford,fford906@ise558.com,+1-674-806-0076x59690,Average
C0244,Kristin Cordova,kristincordova531@ise558.com,649.371.3634,High
C0245,Sarah Smith,ssmith894@ise558.com,+1-757-512-6165x9327,Average
C0246,Julie Mathews,jmathews629@ise558.com,3203720795,High
C0247,William Johnson,williamjohnson519@ise558.com,216.847.9152,Average
C0248,Gregory Watson,gwatson214@ise558.com,(389)772-6619x61238,High
C0249,John Roach,johnroach458@ise558.com,+1-963-950-4008x811,Average
C0250,Matthew Shaffer,matthewshaffer452@ise558.com,+1-741-661-6720x45238,High
C0251,Rachel Castillo,rcastillo992@ise558.com,602.846.0119x60091,Average
C0252,Daniel Thompson,danielthompson284@ise558.com,001-462-639-8628x0557,High
C0253,Morgan Roberts,morganroberts785@ise558.com,+1-964-523-4567,Average
C0254,Jessica Clark,jclark366@ise558.com,+1-500-431-7221x6328,Average
C0255,Melissa Owens,melissaowens333@ise558.com,001-317-568-1202,Average
C0256,Ashley Weeks,ashleyweeks205@ise558.com,(943)290-2823x28815,Average
C0257,Linda French,lfrench833@ise558.com,(592)277-8814,High
C0258,Carolyn Ward,carolynward446@ise558.com,+1-619-427-5137x76160,Average
C0259,Amy Huffman,amyhuffman895@ise558.com,564-228-9803x207,Average
C0260,Maria Dorsey,mdorsey543@ise558.com,350.352.4837,Average
C0261,Jennifer Mcknight,jmcknight749@ise558.com,239-481-6858x9131,Average
C0262,Heidi Rodriguez,hrodriguez438@ise558.com,001-377-625-6300x0428,Average
C0263,Helen Turner,hturner616@ise558.com,001-798-910-8142x478,Average
C0264,John Lindsey,johnlindsey128@ise558.com,293-506-0045x000,Average
C0265,Michael White,michaelwhite311@ise558.com,(633)800-0599x645,Average
C0266,Jerry Burton,jburton537@ise558.com,001-610-888-0628x490,Average
C0267,Adam Powers,adampowers117@ise558.com,532.489.4600,Average
C0268,Brittney Sanchez,brittneysanchez340@ise558.com,939.426.3709,Average
C0269,Kimberly Cervantes,kimberlycervantes159@ise558.com,001-871-382-7496x74504,Average
C0270,Paul Garcia,paulgarcia269@ise558.com,679.972.9976x8500,Average
C0271,Erin Moore,emoore550@ise558.com,454.536.0787,Average
C0273,Mrs. Elizabeth Bright,mrs.elizabeth bright438@ise558.com,508.355.8972x751,High
C0274,Joan Hill,jhill590@ise558.com,246-220-1427x9249,Average
C0275,Austin Holland,aholland475@ise558.com,+1-940-470-2720x062,High
C0276,Jerry Ray,jerryray100@ise558.com,+1-466-499-7502x085,High
C0277,Andrea Russo,arusso198@ise558.com,(354)362-1525,Average
C0278,Tammy Bridges,tammybridges332@ise558.com,496.256.7955,Average
C0279,Joshua Green,jgreen535@ise558.com,883-880-5213x402,Average
C0280,Kristin Hughes,khughes842@ise558.com,216-720-9689x859,Average
C0281,Christine Lang,clang195@ise558.com,241.634.0815,Average
C0282,Zachary Jensen,zjensen848@ise558.com,001-795-239-1088x643,High
C0283,Roy Dickson,roydickson321@ise558.com,001-504-974-9055x6280,Average
C0284,Autumn Johnson,autumnjohnson365@ise558.com,001-944-808-6293,Low
C0285,Rodney Chandler,rchandler406@ise558.com,001-625-688-6405,Average
C0286,Rachel Collins,rcollins131@ise558.com,238-806-6533x200,High
C0287,Mrs. Kelly Rivera,mkelly rivera523@ise558.com,6713220839,Average
C0288,Mikayla Davis,mdavis511@ise558.com,+1-787-904-2762x16745,Average
C0289,Derek Bullock,dbullock906@ise558.com,(782)225-6392,Average
C0290,Robert Koch,robertkoch659@ise558.com,001-434-898-8722x6017,High
C0291,Richard Wilkerson,rwilkerson346@ise558.com,814-559-3238x7168,High
C0292,Brittany Johnston,brittanyjohnston102@ise558.com,720-557-0032x22074,High
C0293,Marcus Dominguez,mdominguez381@ise558.com,571.310.6888,High
C0294,Sara Ramirez,sramirez632@ise558.com,5772044348,Average
C0295,Gregory Davis,gdavis707@ise558.com,902-518-0741,Average
C0296,Vincent Powers,vpowers369@ise558.com,+1-868-662-4754x17321,Average
C0297,Ryan Alvarez,ryanalvarez152@ise558.com,588.990.7136x071,Average
C0298,Jose Brown,jbrown446@ise558.com,001-799-874-6580,Average
C0299,Jason Green,jasongreen695@ise558.com,(719)506-8414,Average
C0300,John Eaton,jeaton953@ise558.com,(872)838-7889x255,Average
C0301,Kimberly Dunn,kdunn820@ise558.com,(875)739-1132x21020,Low
C0302,Jesse Griffin,jessegriffin653@ise558.com,(685)638-7427,Average
C0303,Colleen West,colleenwest618@ise558.com,549.510.9924,Average
C0304,Carlos Casey,ccasey919@ise558.com,677-202-0380x6917,Average
C0305,Brian Leonard,bleonard342@ise558.com,493.628.8851,Average
C0307,Frederick Fox,ffox518@ise558.com,(670)801-7081x5650,High
C0308,Austin Foster,austinfoster634@ise558.com,632-208-2836,Average
C0309,Jerry Gentry,jerrygentry340@ise558.com,(560)512-8343,Average
C0310,Amanda Love,amandalove280@ise558.com,(531)790-7831x882,Average
C0311,Darrell Reid,dreid225@ise558.com,001-473-471-6534x33148,Low
C0313,Patricia Williams,pwilliams920@ise558.com,+1-931-696-2329x9624,Low
C0314,Kevin Harris,kevinharris565@ise558.com,595.661.1335x771,Average
C0315,Elijah Bruce,elijahbruce866@ise558.com,934.899.0984x421,Average
C0316,Kevin Flores,kevinflores110@ise558.com,(700)527-6891x3297,Average
C0317,Taylor Adams,tayloradams125@ise558.com,662-259-9751x1638,High
C0318,Mr. Charles Harris,mr.charles harris645@ise558.com,+1-659-358-0149x965,Average
C0319,Michael Tyler,mtyler603@ise558.com,493.779.1536x203,Average
C0320,Heidi Crosby,hcrosby857@ise558.com,780-987-3041,Average
C0321,Ross Walker,rosswalker715@ise558.com,508-683-8497x66939,Average
C0322,Marcus Griffith,marcusgriffith600@ise558.com,469.639.0944x37460,Low
C0323,Benjamin Smith,benjaminsmith474@ise558.com,(913)576-3601,High
C0324,Ashley Newman,anewman342@ise558.com,001-288-902-4922x364,High
C0325,Megan Marshall,mmarshall873@ise558.com,457.272.9055,Average
C0326,Steven Ford,sford743@ise558.com,221-903-5508x279,High
C0327,Adrian Taylor DVM,ataylor dvm623@ise558.com,(221)934-2730x76544,High
C0328,Mary Peters,marypeters137@ise558.com,715.226.4163x8098,Average
C0329,Wendy Palmer,wpalmer733@ise558.com,376.229.1920x02403,Average
C0330,Robert Berg,rberg966@ise558.com,(364)479-2681x3911,Average
C0331,Linda Compton,lcompton145@ise558.com,001-542-776-0138x8372,Average
C0332,Kathleen Bailey,kbailey378@ise558.com,(281)231-7313x5161,Average
C0333,Jermaine Powell,jpowell783@ise558.com,+1-995-522-2734x721,Average
C0334,Madison Harris,mharris343@ise558.com,303-697-8201x9063,High
C0335,Jason Martinez,jmartinez837@ise558.com,+1-579-345-7178,Average
C0336,Chad Miller,cmiller534@ise558.com,001-567-690-2021x1605,High
C0337,David Ross,davidross536@ise558.com,520-898-2707x394,Average
C0338,Jeffery Nunez,jefferynunez334@ise558.com,525.658.8214x9665,Average
C0339,Angela Pena,apena140@ise558.com,7935472469,Average
C0340,Jasmine Ortiz,jasmineortiz815@ise558.com,+1-470-429-2706x0778,Average
C0341,James Hammond,jameshammond971@ise558.com,2903274258,Average
C0342,Henry Barrera,henrybarrera659@ise558.com,551-628-0341x2454,Average
C0343,Katherine Bishop,kbishop595@ise558.com,(680)557-2716x75239,High
C0344,Carmen Yates,carmenyates677@ise558.com,679-296-8560x5423,Average
C0345,Walter Cortez,waltercortez811@ise558.com,696-896-0430x03453,High
C0346,Carlos Nelson,cnelson161@ise558.com,410.358.2200,Average
C0347,Hannah Johnson,hjohnson616@ise558.com,988.333.9588x4434,Average
C0348,Ann Green,agreen733@ise558.com,470-293-6478,Average
C0349,Jessica Quinn,jessicaquinn301@ise558.com,001-361-552-5886x072,High
C0350,Penny Fleming,pennyfleming125@ise558.com,894-439-1098,Average
C0351,Emily Young,eyoung527@ise558.com,531-592-8209x63526,Average
C0352,Mary Wood,mwood578@ise558.com,+1-816-753-5357x8955,Average
C0353,Tim Wilson,twilson355@ise558.com,(479)706-2765,Average
C0354,John Lloyd,jlloyd967@ise558.com,001-680-826-0453x514,Average
C0355,David Freeman,dfreeman599@ise558.com,+1-228-777-9186x1760,Average
C0356,Tonya Hall,thall244@ise558.com,(368)398-4389,High
C0357,Jordan Cochran,jordancochran388@ise558.com,001-724-954-2091x42540,Average
C0358,Jordan Robbins,jrobbins211@ise558.com,+1-278-535-5544x211,Average
C0359,Sarah Flores,sarahflores441@ise558.com,(813)360-7290x454,Average
C0360,Danielle Roberts,danielleroberts783@ise558.com,349.611.0995,Low
C0361,Valerie Bauer,vbauer435@ise558.com,+1-374-497-2248,Average
C0362,Tammy Joyce,tammyjoyce251@ise558.com,846.237.5811x751,Average
C0363,Renee Ramirez,reneeramirez405@ise558.com,(947)307-0193,Average
C0364,Garrett Maldonado,gmaldonado565@ise558.com,001-483-581-2095,High
C0365,David Gonzales,dgonzales212@ise558.com,+1-924-923-3770x02684,Average
C0366,Timothy Mays,timothymays771@ise558.com,(805)967-5785,Average
C0367,Miguel Munoz,mmunoz390@ise558.com,241-577-4649x2537,Low
C0368,Victoria Li,vli139@ise558.com,201-977-5715,Average
C0369,Jennifer Wilson,jwilson737@ise558.com,(768)661-5435x455,Average
C0370,Michelle Leonard,michelleleonard647@ise558.com,+1-748-327-4962x89973,Average
C0371,Kenneth Blankenship,kennethblankenship542@ise558.com,868.396.0722,High
C0372,Kendra Walker,kwalker825@ise558.com,8523003876,Average
C0373,Scott Scott,scottscott810@ise558.com,(323)967-5414,Average
C0375,Nancy Phillips,nancyphillips797@ise558.com,+1-612-256-4708,High
C0376,Elizabeth Hawkins,ehawkins708@ise558.com,4227118008,Average
C0377,Kristen Ramirez,kramirez305@ise558.com,001-358-701-5233,Average
C0378,David Sharp,dsharp734@ise558.com,8433799640,Average
C0379,Eddie Rogers,erogers685@ise558.com,+1-430-382-7257x0043,High
C0380,Jordan Ellis,jordanellis942@ise558.com,+1-832-709-1750x1263,High
C0381,Sheryl Wilson,swilson534@ise558.com,(892)844-1597x563,Average
C0382,Lori Vincent,lvincent253@ise558.com,(349)884-6834x6713,High
C0383,Adam Miller,adammiller405@ise558.com,871-927-8002,High
C0384,David Neal,dneal724@ise558.com,+1-390-291-7385x7938,Low
C0385,Alexis Savage MD,asavage md118@ise558.com,347.270.3376,Low
C0386,Sierra Smith,ssmith914@ise558.com,+1-588-325-6048,Average
C0387,James Fields,jfields680@ise558.com,745-927-2237x563,High
C0388,Suzanne Cunningham,scunningham278@ise558.com,001-432-836-2421,Average
C0389,Christian Gregory,cgregory445@ise558.com,001-841-252-7978x442,Average
C0390,Andrew Shaw,ashaw651@ise558.com,+1-642-658-0261x306,Average
C0391,Garrett Jordan,gjordan375@ise558.com,+1-963-514-1464x623,Average
C0393,James Tate,jtate196@ise558.com,+1-261-273-4636,High
C0394,Brandon Mcdonald,brandonmcdonald336@ise558.com,(680)446-3528x656,Average
C0395,Kyle Hardin,kylehardin543@ise558.com,439.542.4022,Low
C0396,John Reyes,johnreyes161@ise558.com,+1-713-671-4657x464,Average
C0397,Brandy Hunt,bhunt948@ise558.com,+1-567-732-9550x1259,Average
C0398,Kiara Scott,kscott700@ise558.com,(433)659-1674,Average
C0399,Chris Brown,chrisbrown761@ise558.com,503.720.2689x80466,Average
C0400,Troy Tucker,ttucker773@ise558.com,423-949-5637,Average
C0401,Daniel Yang,danielyang447@ise558.com,(617)945-6747x254,Average
C0402,Brandon Reed,breed489@ise558.com,(678)627-0581x86573,Average
C0403,Anita Gonzalez,agonzalez868@ise558.com,(474)993-5109x3296,Average
C0404,Stephanie Roberts,sroberts639@ise558.com,6486976605,Average
C0405,Stacy Robertson,srobertson970@ise558.com,(663)388-3000,Average
C0406,Roy Smith,rsmith221@ise558.com,377-271-7098x7581,Average
C0407,Anthony Strickland,anthonystrickland141@ise558.com,382-664-9473,Average
C0408,Brenda Massey,bmassey342@ise558.com,(665)858-3966,Average
C0409,Elizabeth Williams,ewilliams912@ise558.com,9867265688,Average
C0410,Steven Dixon,sdixon519@ise558.com,306-326-7664,High
C0411,John Wu,jwu864@ise558.com,(319)922-4732,Average
C0412,Emma Gomez,egomez849@ise558.com,+1-704-608-2191x33727,Average
C0413,Steven Nguyen,snguyen157@ise558.com,+1-752-760-0405x9915,High
C0414,Todd Carroll,tcarroll943@ise558.com,921.840.8804x1975,Average
C0415,Deborah Lane,dlane153@ise558.com,6675106018,High
C0416,Tracy Estrada,testrada267@ise558.com,+1-978-723-2215x54718,High
C0417,Lauren Anderson,landerson506@ise558.com,+1-977-717-8388x8905,Average
C0418,Brian Hall,brianhall924@ise558.com,(286)310-2339,Average
C0419,Alexander Gates,alexandergates464@ise558.com,+1-314-970-2000,Average
C0420,Heather Ferguson,hferguson629@ise558.com,689.242.8543x761,Average
C0421,Rachel Sharp,rachelsharp765@ise558.com,960.861.2752,Average
C0422,Kristy Evans,kristyevans711@ise558.com,001-318-394-4428x649,Average
C0423,Donald Owen,donaldowen388@ise558.com,001-409-697-7283x105,Average
C0424,Gary Wood,garywood163@ise558.com,527-996-7629,Low
C0425,Andrew Pennington,andrewpennington162@ise558.com,221.300.2512,Average
C0426,Roger Hall,rhall652@ise558.com,(323)723-7090x6789,Average
C0427,Donna Freeman,donnafreeman942@ise558.com,215.952.5783x649,Average
C0428,Henry Smith,hsmith247@ise558.com,001-643-416-5757x002,Average
C0429,Mark Dominguez MD,mdominguez md824@ise558.com,7069461579,High
C0430,Kimberly Moore,kimberlymoore155@ise558.com,001-520-919-8955x612,Average
C0431,Joshua Serrano,jserrano364@ise558.com,+1-762-767-2506x8334,Average
C0432,Paul Robertson,probertson355@ise558.com,882.658.3506x14300,Average
C0433,Robin Valentine,robinvalentine641@ise558.com,590.602.0296,Average
C0434,Linda Kennedy,lindakennedy242@ise558.com,982-858-0983x88286,Average
C0435,Rebecca Fletcher,rebeccafletcher902@ise558.com,615.349.1828x099,Low
C0436,Mariah Li DVM,mariahli dvm875@ise558.com,628.985.3782,Average
C0437,Jerry Coleman,jerrycoleman211@ise558.com,001-429-461-8251x68759,Average
C0438,Katherine Jackson,kjackson327@ise558.com,001-248-660-3926x216,Average
C0439,Matthew Rojas,matthewrojas357@ise558.com,(779)843-2034,Low
C0440,Ms. Ashley Woods,ms.ashley woods147@ise558.com,(406)237-6709x33899,Average
C0441,Jessica Turner,jturner529@ise558.com,+1-439-849-2658x504,Average
C0442,Edward Adams,edwardadams486@ise558.com,913-799-5573,Average
C0443,Molly Jones,mollyjones680@ise558.com,726-416-7201x0032,Average
C0444,Beth Horton,bethhorton482@ise558.com,469.648.9391x7770,Average
C0445,Stephanie Williams,stephaniewilliams212@ise558.com,(823)531-3575,Average
C0446,Lori Pena,lpena325@ise558.com,488.637.9291x89392,Average
C0447,Thomas Sanchez,thomassanchez805@ise558.com,957-607-5895x6984,Average
C0448,Jose Rodriguez,jrodriguez430@ise558.com,(220)814-5030,Average
C0449,Kathryn Gates MD,kgates md133@ise558.com,706-798-9083x690,Average
C0450,Kelly Garcia,kellygarcia788@ise558.com,(312)460-4460,Average
C0451,Mariah Miller,mmiller169@ise558.com,445-523-3623x45217,Average
C0452,Bonnie Delgado MD,bdelgado md510@ise558.com,567.849.2204,Average
C0453,Dakota Randolph,dakotarandolph190@ise558.com,001-949-478-7471x2585,Average
C0454,Danny Grant,dgrant584@ise558.com,+1-927-620-1364x314,Average
C0455,Lori Hall,lhall370@ise558.com,001-688-568-6059x26991,Average
C0456,Paul Carroll,pcarroll818@ise558.com,+1-241-456-6198x632,Low
C0457,David Rios,drios297@ise558.com,(943)928-7706x92932,Average
C0458,Emily Bishop,ebishop982@ise558.com,+1-307-638-7291x95447,Average
C0459,Jennifer Gonzales,jgonzales694@ise558.com,8457898836,Average
C0460,Christine Terrell,cterrell724@ise558.com,+1-423-641-1635x704,High
C0461,Aaron Morgan,amorgan170@ise558.com,+1-305-927-3687,Average
C0462,Karen Gonzalez,kgonzalez260@ise558.com,+1-246-200-1226x8826,Average
C0463,Allen Garcia,agarcia949@ise558.com,(555)754-6359,Average
C0464,Corey Rowe,crowe547@ise558.com,(567)491-1578,Average
C0465,Albert Wilkinson,awilkinson135@ise558.com,+1-320-416-7085x17739,High
C0466,Anthony Jones,anthonyjones854@ise558.com,+1-989-853-0692x0654,Average
C0467,Scott Jones,sjones974@ise558.com,(404)566-0125x40432,Average
C0468,Chase Walsh,cwalsh719@ise558.com,933-586-8922x03429,Average
C0469,Michelle Mercer,mmercer712@ise558.com,001-769-633-5146x939,Average
C0470,Tony Mcdonald,tonymcdonald964@ise558.com,(967)689-8994,High
C0471,Paula Johnston,paulajohnston114@ise558.com,(890)902-7740x0909,High
C0472,Linda Perez,lperez107@ise558.com,8432270179,Average
C0473,Maria Nelson,mnelson406@ise558.com,9662329590,Average
C0474,Robin Hunter,rhunter250@ise558.com,874.578.8574x1009,Low
C0475,Debbie Love,debbielove275@ise558.com,+1-868-782-1294x765,Average
C0476,Jason Banks,jbanks229@ise558.com,001-784-695-2616x72408,Average
C0477,Alison Taylor,alisontaylor245@ise558.com,8985556059,Average
C0478,Danielle Burch,danielleburch612@ise558.com,377-517-9886x98557,Average
C0479,Nicole Miranda,nmiranda793@ise558.com,001-542-319-1272x1782,High
C0480,Megan Santana,megansantana997@ise558.com,461.882.7223x924,Average
C0481,Abigail Mahoney,amahoney957@ise558.com,001-658-905-1393x98349,Average
C0482,Sheri Bass,sbass539@ise558.com,+1-391-550-9279x1790,High
C0483,Rebecca Bailey,rbailey907@ise558.com,760-346-6353x3357,Low
C0484,Gregory Romero,gregoryromero178@ise558.com,+1-264-310-4801x458,Average
C0485,Patricia Lee,plee332@ise558.com,256-351-1382x74129,Average
C0486,Robert Sanders,rsanders277@ise558.com,(217)888-4051,Average
C0487,Lisa Henry,lisahenry193@ise558.com,+1-844-792-9405x32151,High
C0488,Brandon Pugh PhD,bpugh phd315@ise558.com,001-676-353-0031x368,Average
C0489,James Wilkins,jwilkins442@ise558.com,+1-307-204-5708x825,High
C0490,Trevor Daniels,tdaniels302@ise558.com,+1-237-474-0008,Average
C0491,Amanda Smith,asmith700@ise558.com,+1-866-617-0046x535,Average
C0492,Edward Russell,erussell134@ise558.com,+1-620-337-2470,High
C0493,Rose Campbell,rcampbell770@ise558.com,575.454.2145x611,Average
C0494,Amy Huffman,amyhuffman999@ise558.com,3038762088,High
C0495,Eric Hernandez,ehernandez560@ise558.com,227-552-5105,Average
C0496,David Burns,davidburns118@ise558.com,(348)543-3966x918,Average
C0497,Gary Stone,garystone446@ise558.com,429.635.4950,Average
C0498,James Shaw,jshaw153@ise558.com,806-643-2175x3165,Average
C0499,John Spears MD,jspears md482@ise558.com,001-611-222-1172x70903,Average
C0500,Frank Rollins,frankrollins789@ise558.com,7084621521,Average
C0501,James White,jameswhite498@ise558.com,292.732.5099x2809,Average
C0502,Lisa Richardson,lisarichardson304@ise558.com,(813)564-3960,Average
C0503,Courtney Hunter,courtneyhunter452@ise558.com,434-889-3331x982,High
