ConsultantID,FirstName,LastName,Email,T1_StartDate,T2_StartDate,T3_StartDate,T4_StartDate,T5_StartDate
1,Mic,Smewin,msmewin0@shutterfly.com,2023-12-08,,,,
2,Mariam,MacWhirter,mmacwhirter1@bloomberg.com,2013-07-16,2015-07-16,2018-07-16,2021-07-16,2022-07-16
3,Gerrard,Miller,gmiller2@smugmug.com,2016-11-07,2018-11-07,2021-11-07,,
4,Sunshine,Adriano,sadriano3@cbslocal.com,2019-10-10,2020-10-10,2023-10-10,,
5,Riccardo,Abells,rabells4@behance.net,2018-10-09,2019-10-09,2021-10-09,,
6,Leland,Brigg,lbrigg5@vk.com,2015-06-06,2016-06-06,2019-06-06,2022-06-06,2023-06-06
7,Paten,Rankin,prankin6@simplemachines.org,2023-05-10,,,,
8,Birch,Pach,bpach7@buzzfeed.com,2021-10-08,2023-10-08,,,
9,Barrett,Wildey,bwildey8@netvibes.com,2019-02-28,2021-02-28,,,
10,Anabel,Twelvetree,atwelvetree9@ebay.co.uk,2023-04-13,,,,
11,Burnaby,Polo,bpoloa@sfgate.com,2023-01-25,,,,
12,Urbano,Laydon,ulaydonb@hexun.com,2013-07-17,2014-07-17,2016-07-17,2021-07-17,2023-07-17
13,Myrle,Lyfe,mlyfec@admin.ch,2021-05-27,2022-05-27,,,
14,Tremain,Vernazza,tvernazzad@theguardian.com,2020-11-17,2021-11-17,,,
15,Gene,Spadoni,gspadonie@imageshack.us,2019-03-22,2021-03-22,2023-03-22,,
16,Lisle,Winchcombe,lwinchcombef@fotki.com,2019-02-22,2021-02-22,,,
17,Mike,Larmour,mlarmourg@google.pl,2020-04-30,2022-04-30,,,
18,Diandra,Tookill,dtookillh@tripod.com,2013-08-30,2014-08-30,2017-08-30,2021-08-30,2023-08-30
19,Raynor,Hibbart,rhibbarti@nature.com,2016-01-08,2018-01-08,2021-01-08,,
20,Carmelle,O' Donohue,codonohuej@businesswire.com,2016-10-24,2017-10-24,2020-10-24,,
21,Brig,Kembry,bkembryk@mail.ru,2016-09-22,2017-09-22,2020-09-22,2023-09-22,
22,Catriona,Tomaini,ctomainil@furl.net,2021-08-01,2022-08-01,,,
23,Terra,Moth,tmothm@i2i.jp,2015-09-26,2017-09-26,2020-09-26,,
24,Milissent,Mellonby,mmellonbyn@cloudflare.com,2021-10-21,2023-10-21,,,
25,Kacey,Cromley,kcromleyo@weather.com,2016-04-24,2017-04-24,2020-04-24,,
26,Claudine,Rewcassell,crewcassellp@arstechnica.com,2012-01-13,2013-01-13,2016-01-13,2021-01-13,2023-01-13
27,Hyatt,Armit,harmitq@fc2.com,2023-09-01,,,,
28,Caryl,Issacov,cissacovr@netlog.com,2014-07-17,2015-07-17,2018-07-17,2021-07-17,2022-07-17
29,Cindelyn,Castellet,ccastellets@odnoklassniki.ru,2018-09-01,2019-09-01,2022-09-01,,
30,Dodie,Montague,dmontaguet@wufoo.com,2021-04-30,2023-04-30,,,
31,Kimbra,Maudling,kmaudlingu@army.mil,2015-08-25,2017-08-25,2019-08-25,2022-08-25,2023-08-25
32,Samaria,Bedingfield,sbedingfieldv@weather.com,2022-05-02,,,,
33,Petronella,Ingreda,pingredaw@ucoz.com,2013-11-16,2014-11-16,2017-11-16,2022-11-16,2023-11-16
34,Elysia,Sleith,esleithx@instagram.com,2014-12-17,2015-12-17,2018-12-17,2021-12-17,2022-12-17
35,Shena,Bogies,sbogiesy@lycos.com,2015-07-31,2016-07-31,2019-07-31,,
36,Samuele,Radborne,sradbornez@msn.com,2022-04-02,2023-04-02,,,
37,Avigdor,Daddow,adaddow10@lulu.com,2023-11-04,,,,
38,Paul,Kembry,pkembry11@multiply.com,2018-08-19,2020-08-19,2023-08-19,,
39,Joana,Widdop,jwiddop12@webeden.co.uk,2023-09-11,,,,
40,Shane,Rosenstengel,srosenstengel13@biglobe.ne.jp,2013-06-01,2014-06-01,2016-06-01,2020-06-01,2022-06-01
41,Jerri,Pien,jpien14@telegraph.co.uk,2019-07-04,2020-07-04,2023-07-04,,
42,Joachim,Pacey,jpacey15@hhs.gov,2022-11-09,,,,
43,Vere,Broschke,vbroschke16@squidoo.com,2014-07-12,2016-07-12,2019-07-12,2022-07-12,2023-07-12
44,Goraud,Carwardine,gcarwardine17@squarespace.com,2012-07-05,2014-07-05,2016-07-05,2021-07-05,2022-07-05
45,Helen-elizabeth,Bischop,hbischop18@google.com.au,2023-09-22,,,,
46,Woodrow,Enevold,wenevold19@flavors.me,2019-08-24,2021-08-24,2023-08-24,,
47,Xena,Mansour,xmansour1a@youku.com,2023-07-09,,,,
48,Frank,Prickett,fprickett1b@harvard.edu,2012-06-27,2013-06-27,2015-06-27,2018-06-27,2019-06-27
49,Sylvia,Penkethman,spenkethman1c@free.fr,2019-10-09,2020-10-09,2022-10-09,,
50,Currie,Myderscough,cmyderscough1d@linkedin.com,2021-04-11,2023-04-11,,,
51,Babb,Ransom,bransom1e@networkadvertising.org,2014-01-11,2015-01-11,2017-01-11,2022-01-11,2023-01-11
52,Juana,Youson,jyouson1f@sun.com,2013-09-06,2014-09-06,2017-09-06,2022-09-06,
53,Marigold,Haselhurst,mhaselhurst1g@weather.com,2013-04-09,2014-04-09,2016-04-09,2020-04-09,2022-04-09
54,Mahalia,Rysdale,mrysdale1h@symantec.com,2015-06-05,2017-06-05,2019-06-05,2022-06-05,
55,Reynolds,Carmody,rcarmody1i@yellowpages.com,2016-10-07,2018-10-07,2020-10-07,,
56,Nataniel,De Bell,ndebell1j@furl.net,2021-12-26,2023-12-26,,,
57,Redd,Lapree,rlapree1k@aboutads.info,2013-02-27,2015-02-27,2018-02-27,2021-02-27,2023-02-27
58,Georgie,Messingham,gmessingham1l@theglobeandmail.com,2015-05-24,2017-05-24,2019-05-24,2022-05-24,2023-05-24
59,Evvie,Gillian,egillian1m@nsw.gov.au,2017-11-02,2018-11-02,2020-11-02,2023-11-02,
60,Maison,Goldsack,mgoldsack1n@free.fr,2021-09-25,2022-09-25,,,
61,Nani,Ales,nales1o@shutterfly.com,2015-08-03,2016-08-03,2018-08-03,2022-08-03,2023-08-03
62,Romonda,Sketcher,rsketcher1p@foxnews.com,2022-03-02,,,,
63,Dennison,Quinane,dquinane1q@spotify.com,2018-07-24,2020-07-24,2022-07-24,,
64,Liva,Smithe,lsmithe1r@ucla.edu,2018-08-09,2020-08-09,2022-08-09,,
65,Karissa,Beldom,kbeldom1s@wufoo.com,2018-12-03,2020-12-03,2022-12-03,,
66,Abe,Jeayes,ajeayes1t@shutterfly.com,2014-12-17,2016-12-17,2019-12-17,2023-12-17,
67,Osmund,Berzin,oberzin1u@hubpages.com,2021-09-16,2023-09-16,,,
68,Spense,McPeeters,smcpeeters1v@sun.com,2017-06-16,2019-06-16,2022-06-16,,
69,Florry,Spittle,fspittle1w@webs.com,2015-07-30,2016-07-30,2018-07-30,2021-07-30,2022-07-30
70,Donetta,McCarle,dmccarle1x@friendfeed.com,2018-02-12,2020-02-12,2022-02-12,,
71,Vance,Thomesson,vthomesson1y@woothemes.com,2015-12-17,2016-12-17,2019-12-17,,
72,Dorothy,Clunan,dclunan1z@wp.com,2013-04-08,2014-04-08,2017-04-08,2022-04-08,
73,Petronilla,Yeowell,pyeowell20@addthis.com,2015-10-11,2016-10-11,2018-10-11,2023-10-11,
74,Leonore,Faltskog,lfaltskog21@google.co.jp,2020-04-24,2021-04-24,2023-04-24,,
75,Reginald,Delea,rdelea22@noaa.gov,2023-06-12,,,,
76,Petra,Pinnere,ppinnere23@google.ca,2015-07-01,2016-07-01,2018-07-01,2022-07-01,
77,Coleen,Turbat,cturbat24@hubpages.com,2014-06-26,2015-06-26,2018-06-26,2022-06-26,2023-06-26
78,Bank,Danniel,bdanniel25@squarespace.com,2021-10-24,2023-10-24,,,
79,Alister,McGrotty,amcgrotty26@statcounter.com,2021-12-08,2022-12-08,,,
80,Joya,Simmank,jsimmank27@shareasale.com,2012-11-03,2014-11-03,2016-11-03,2020-11-03,2021-11-03
81,Hillel,Avrahm,havrahm28@admin.ch,2022-06-17,2023-06-17,,,
82,Kessia,Eidler,keidler29@answers.com,2020-03-05,2022-03-05,,,
83,Francoise,Soane,fsoane2a@yolasite.com,2015-06-04,2017-06-04,2019-06-04,2023-06-04,
84,Shina,Kevane,skevane2b@chicagotribune.com,2016-05-01,2018-05-01,2021-05-01,,
85,Cirstoforo,Hares,chares2c@ezinearticles.com,2014-08-10,2016-08-10,2019-08-10,2023-08-10,
86,Althea,Gildea,agildea2d@unicef.org,2015-06-09,2017-06-09,2020-06-09,2023-06-09,
87,Felecia,Barthrup,fbarthrup2e@bluehost.com,2015-06-03,2016-06-03,2018-06-03,2022-06-03,
88,Stanley,Damato,sdamato2f@biblegateway.com,2023-07-22,,,,
89,Christin,Acres,cacres2g@fema.gov,2017-04-13,2019-04-13,2021-04-13,,
90,Miguel,Francesch,mfrancesch2h@yellowpages.com,2012-05-19,2014-05-19,2017-05-19,2020-05-19,2022-05-19
91,Luisa,Pessel,lpessel2i@cnet.com,2016-12-06,2018-12-06,2020-12-06,,
92,Madel,Gulliver,mgulliver2j@kickstarter.com,2014-08-22,2015-08-22,2017-08-22,2020-08-22,2021-08-22
93,Baudoin,Losebie,blosebie2k@whitehouse.gov,2021-07-21,2023-07-21,,,
94,Charlene,Rackam,crackam2l@huffingtonpost.com,2023-04-29,,,,
95,Willard,Mattholie,wmattholie2m@abc.net.au,2012-10-08,2013-10-08,2016-10-08,2021-10-08,2022-10-08
96,Ollie,Sprague,osprague2n@devhub.com,2012-12-10,2014-12-10,2016-12-10,2020-12-10,2021-12-10
97,Hussein,Winson,hwinson2o@upenn.edu,2021-02-04,2022-02-04,,,
98,Horatia,Harbar,hharbar2p@addthis.com,2017-08-25,2018-08-25,2021-08-25,,
99,Sig,Giannassi,sgiannassi2q@gizmodo.com,2015-04-01,2016-04-01,2019-04-01,2023-04-01,
100,Iver,Melior,imelior2r@amazon.co.jp,2012-09-05,2013-09-05,2016-09-05,2021-09-05,2023-09-05
101,Fitzgerald,Yair,fyair2s@vkontakte.ru,2019-02-16,2021-02-16,,,
102,Reynolds,Nellen,rnellen2t@i2i.jp,2014-06-19,2015-06-19,2018-06-19,2022-06-19,
103,Johanna,MacAughtrie,jmacaughtrie2u@oakley.com,2015-10-13,2016-10-13,2018-10-13,2021-10-13,2023-10-13
104,Chrysler,Paddon,cpaddon2v@google.com.au,2022-04-27,2023-04-27,,,
105,Kerry,Minty,kminty2w@springer.com,2016-11-19,2017-11-19,2020-11-19,,
106,Teddy,Joannic,tjoannic2x@fema.gov,2016-06-27,2017-06-27,2019-06-27,,
107,Maryann,Furtado,mfurtado2y@cnet.com,2016-09-04,2018-09-04,2020-09-04,,
108,Caralie,Letham,cletham2z@constantcontact.com,2018-06-02,2020-06-02,2023-06-02,,
109,Carny,Vuitte,cvuitte30@wp.com,2018-09-20,2019-09-20,2022-09-20,,
110,Brunhilda,Stert,bstert31@yellowbook.com,2022-06-20,2023-06-20,,,
111,Maible,Hartlebury,mhartlebury32@godaddy.com,2013-10-30,2014-10-30,2016-10-30,2021-10-30,2022-10-30
112,Cass,Lownes,clownes33@technorati.com,2017-08-29,2018-08-29,2021-08-29,,
113,Norah,Nand,nnand34@goodreads.com,2021-02-20,2022-02-20,,,
114,Arabela,Waddilove,awaddilove35@stumbleupon.com,2013-05-31,2015-05-31,2018-05-31,2022-05-31,2023-05-31
115,Mellisa,Dener,mdener36@slate.com,2015-07-02,2016-07-02,2019-07-02,2022-07-02,2023-07-02
116,Izaak,Ridd,iridd37@freewebs.com,2012-12-05,2014-12-05,2017-12-05,2021-12-05,2022-12-05
117,Lem,Angerstein,langerstein38@moonfruit.com,2019-02-09,2021-02-09,2023-02-09,,
118,Gray,Shearme,gshearme39@epa.gov,2020-05-13,2021-05-13,,,
119,Barth,Rableau,brableau3a@gnu.org,2021-07-14,2022-07-14,,,
120,Paddie,Colcomb,pcolcomb3b@over-blog.com,2020-12-03,2021-12-03,2023-12-03,,
121,Lionel,Dionisetti,ldionisetti3c@arizona.edu,2018-04-16,2020-04-16,2022-04-16,,
122,Dominique,Wehnerr,dwehnerr3d@nationalgeographic.com,2016-05-29,2018-05-29,2021-05-29,,
123,Bronnie,Nevison,bnevison3e@cbc.ca,2017-03-29,2019-03-29,2021-03-29,,
124,Fania,Porter,fporter3f@unicef.org,2015-11-04,2016-11-04,2019-11-04,,
125,Katalin,Arch,karch3g@yellowbook.com,2013-12-29,2014-12-29,2016-12-29,2020-12-29,2022-12-29
126,Christoph,Beyne,cbeyne3h@stanford.edu,2014-07-21,2015-07-21,2018-07-21,2023-07-21,
127,Bruce,Whitland,bwhitland3i@google.com.hk,2013-06-19,2014-06-19,2016-06-19,2019-06-19,2021-06-19
128,Gilbertina,Swancock,gswancock3j@tmall.com,2020-02-17,2022-02-17,,,
129,Karalynn,Rouse,krouse3k@ox.ac.uk,2018-02-03,2020-02-03,2022-02-03,,
130,Julietta,Fromant,jfromant3l@archive.org,2012-05-10,2014-05-10,2016-05-10,2021-05-10,2022-05-10
131,Meara,Steven,msteven3m@altervista.org,2017-06-18,2018-06-18,2021-06-18,,
132,Lorri,Skells,lskells3n@amazon.co.jp,2017-03-30,2018-03-30,2021-03-30,,
133,Brennen,Kepe,bkepe3o@stumbleupon.com,2020-12-08,2021-12-08,2023-12-08,,
134,Kathryne,Scargle,kscargle3p@army.mil,2019-03-21,2021-03-21,,,
135,Bordy,Mamwell,bmamwell3q@disqus.com,2022-11-19,2023-11-19,,,
136,Cathrin,Skellorne,cskellorne3r@constantcontact.com,2020-09-02,2021-09-02,2023-09-02,,
137,Joyous,Gosson,jgosson3s@ftc.gov,2019-08-12,2020-08-12,2022-08-12,,
138,Norrie,Morris,nmorris3t@amazon.co.jp,2013-09-09,2014-09-09,2016-09-09,2021-09-09,2022-09-09
139,Friedrick,Bage,fbage3u@livejournal.com,2016-07-08,2018-07-08,2020-07-08,,
140,Martie,Minihane,mminihane3v@wikimedia.org,2022-12-10,2023-12-10,,,
141,Marya,Havesides,mhavesides3w@issuu.com,2012-01-21,2013-01-21,2016-01-21,2021-01-21,2023-01-21
142,Claudia,Olifaunt,colifaunt3x@cdbaby.com,2017-11-09,2018-11-09,2020-11-09,2023-11-09,
143,Raul,Ricco,rricco3y@youku.com,2015-02-14,2016-02-14,2018-02-14,2021-02-14,2022-02-14
144,Brice,Ragbourne,bragbourne3z@tmall.com,2017-06-16,2019-06-16,2021-06-16,,
145,Michele,Fairholme,mfairholme40@fema.gov,2012-07-22,2014-07-22,2016-07-22,2021-07-22,2022-07-22
146,Itch,Waudby,iwaudby41@opensource.org,2022-02-03,,,,
147,Clarette,Bartlett,cbartlett42@google.ca,2021-06-08,2022-06-08,,,
148,Wenda,Bygraves,wbygraves43@webeden.co.uk,2017-10-25,2018-10-25,2021-10-25,,
149,Elisha,Brennon,ebrennon44@networkadvertising.org,2015-11-16,2016-11-16,2019-11-16,2022-11-16,
150,Rouvin,Pevreal,rpevreal45@skype.com,2019-10-26,2020-10-26,2023-10-26,,
151,Leoline,Cudby,lcudby46@chicagotribune.com,2014-12-17,2016-12-17,2018-12-17,2022-12-17,2023-12-17
152,Jewell,Baddeley,jbaddeley47@simplemachines.org,2023-09-21,,,,
153,Peggy,Gunter,pgunter48@altervista.org,2023-12-15,,,,
154,Averyl,Alves,aalves49@shareasale.com,2013-01-20,2015-01-20,2018-01-20,2022-01-20,2023-01-20
155,Ravi,Servis,rservis4a@google.pl,2020-02-05,2021-02-05,2023-02-05,,
156,Christos,Vigne,cvigne4b@patch.com,2016-05-29,2017-05-29,2020-05-29,,
157,Mollie,Le Hucquet,mlehucquet4c@dailymotion.com,2017-02-02,2019-02-02,2021-02-02,,
158,Chuck,Chaytor,cchaytor4d@liveinternet.ru,2019-11-08,2021-11-08,2023-11-08,,
159,Drew,Notman,dnotman4e@thetimes.co.uk,2014-01-09,2015-01-09,2017-01-09,2021-01-09,2023-01-09
160,Lolita,Rishbrook,lrishbrook4f@4shared.com,2021-12-21,2022-12-21,,,
161,Torin,Garland,tgarland4g@omniture.com,2013-04-18,2015-04-18,2017-04-18,2021-04-18,2023-04-18
162,Archambault,Goadsby,agoadsby4h@usgs.gov,2019-03-06,2020-03-06,2022-03-06,,
163,Henrik,Szymonowicz,hszymonowicz4i@tinypic.com,2015-10-28,2017-10-28,2020-10-28,,
164,Otto,Monroe,omonroe4j@ucoz.ru,2019-10-03,2020-10-03,2023-10-03,,
165,Urbain,Radin,uradin4k@ning.com,2014-01-06,2015-01-06,2018-01-06,2022-01-06,
166,Lizzy,Yardy,lyardy4l@ycombinator.com,2014-04-18,2016-04-18,2019-04-18,2022-04-18,
167,Gregoor,Hubback,ghubback4m@scientificamerican.com,2015-02-23,2017-02-23,2020-02-23,2023-02-23,
168,Lela,Farnie,lfarnie4n@europa.eu,2022-06-27,2023-06-27,,,
169,Dominique,Kurt,dkurt4o@google.com,2016-05-15,2017-05-15,2019-05-15,2023-05-15,
170,Loy,Urvoy,lurvoy4p@nymag.com,2017-10-10,2019-10-10,2021-10-10,,
171,Norrie,Fossord,nfossord4q@statcounter.com,2023-02-28,,,,
172,Waiter,Elacoate,welacoate4r@about.me,2019-07-13,2020-07-13,2023-07-13,,
173,Julietta,Whitsun,jwhitsun4s@dedecms.com,2012-07-27,2013-07-27,2016-07-27,2020-07-27,2021-07-27
174,Drud,Fowden,dfowden4t@hhs.gov,2015-11-25,2017-11-25,2020-11-25,,
175,Collette,Densun,cdensun4u@smugmug.com,2019-11-13,2020-11-13,2023-11-13,,
176,Shari,Bruyntjes,sbruyntjes4v@apple.com,2022-01-05,2023-01-05,,,
177,Woodrow,Woodfine,wwoodfine4w@springer.com,2020-02-01,2021-02-01,,,
178,Francois,Beveredge,fbeveredge4x@theatlantic.com,2023-03-19,,,,
179,Cad,Freeborne,cfreeborne4y@nps.gov,2017-09-29,2019-09-29,2021-09-29,,
180,Skell,Dougary,sdougary4z@omniture.com,2016-12-09,2018-12-09,2021-12-09,,
181,Melva,Kinker,mkinker50@biblegateway.com,2022-05-17,2023-05-17,,,
182,Patton,Asbury,pasbury51@edublogs.org,2017-08-26,2018-08-26,2021-08-26,,
183,Tremayne,Wink,twink52@quantcast.com,2017-06-20,2019-06-20,2021-06-20,,
184,Travers,Ponder,tponder53@fda.gov,2017-03-20,2018-03-20,2020-03-20,2023-03-20,
185,Ingeberg,Gyorgy,igyorgy54@blog.com,2015-11-18,2017-11-18,2019-11-18,2023-11-18,
186,Annabell,Kastel,akastel55@amazon.co.jp,2020-10-08,2021-10-08,2023-10-08,,
187,Dolores,Powland,dpowland56@sun.com,2015-11-28,2017-11-28,2020-11-28,,
188,Bliss,Rippin,brippin57@free.fr,2017-04-02,2019-04-02,2021-04-02,,
189,Rooney,Harpin,rharpin58@sciencedaily.com,2019-01-07,2020-01-07,2022-01-07,,
190,Amelita,Awcock,aawcock59@moonfruit.com,2022-05-30,,,,
191,Chantalle,Bloss,cbloss5a@surveymonkey.com,2015-04-22,2017-04-22,2020-04-22,,
192,Jillane,Silverthorne,jsilverthorne5b@ucoz.com,2017-03-18,2019-03-18,2022-03-18,,
193,Sari,Kochel,skochel5c@deviantart.com,2012-03-06,2013-03-06,2015-03-06,2020-03-06,2021-03-06
194,Davin,Vigne,dvigne5d@flavors.me,2017-11-19,2019-11-19,2021-11-19,,
195,Elwyn,Skillman,eskillman5e@wikipedia.org,2017-03-09,2019-03-09,2022-03-09,,
196,Jessie,Jore,jjore5f@people.com.cn,2023-10-14,,,,
197,Nydia,Empson,nempson5g@craigslist.org,2020-05-05,2022-05-05,,,
198,Kipp,Shellcross,kshellcross5h@canalblog.com,2022-09-14,2023-09-14,,,
199,Jane,Arkin,jarkin5i@ucoz.com,2020-11-15,2021-11-15,2023-11-15,,
200,Vin,Drioli,vdrioli5j@tripadvisor.com,2013-04-29,2014-04-29,2017-04-29,2021-04-29,2022-04-29
201,Francis,Iddison,fiddison5k@chron.com,2023-07-01,,,,
202,Raynell,Hayesman,rhayesman5l@360.cn,2012-03-25,2013-03-25,2015-03-25,2019-03-25,2020-03-25
203,Laurianne,Cribbott,lcribbott5m@nbcnews.com,2020-09-09,2021-09-09,2023-09-09,,
204,Lazarus,Rabjohn,lrabjohn5n@issuu.com,2018-03-07,2019-03-07,2022-03-07,,
205,Freedman,Maggiori,fmaggiori5o@usatoday.com,2016-12-16,2017-12-16,2019-12-16,,
206,Pate,Campkin,pcampkin5p@wired.com,2019-02-05,2020-02-05,2023-02-05,,
207,Livvie,Holme,lholme5q@cbc.ca,2012-02-15,2014-02-15,2016-02-15,2020-02-15,2021-02-15
208,Noland,de Clerc,ndeclerc5r@chron.com,2012-04-13,2014-04-13,2016-04-13,2021-04-13,2023-04-13
209,Averill,Bernadzki,abernadzki5s@canalblog.com,2016-04-14,2018-04-14,2021-04-14,,
210,Christalle,Routham,croutham5t@indiegogo.com,2022-12-20,2023-12-20,,,
211,Lavinie,Beadnell,lbeadnell5u@com.com,2022-07-14,,,,
212,Rozamond,Rosten,rrosten5v@cnbc.com,2015-02-27,2017-02-27,2019-02-27,2022-02-27,2023-02-27
213,Gan,Yexley,gyexley5w@amazon.co.jp,2019-05-20,2020-05-20,2022-05-20,,
214,De,Daspar,ddaspar5x@flavors.me,2019-02-21,2020-02-21,2022-02-21,,
215,Rudolph,Ferriman,rferriman5y@networksolutions.com,2020-09-29,2022-09-29,,,
216,Carlee,Sentance,csentance5z@studiopress.com,2022-03-09,,,,
217,Antonius,Patrickson,apatrickson60@china.com.cn,2023-12-03,,,,
218,Sylvan,Fernehough,sfernehough61@github.com,2012-09-09,2014-09-09,2017-09-09,2022-09-09,2023-09-09
219,Chick,Vesco,cvesco62@hp.com,2021-03-03,2023-03-03,,,
220,Luce,Spoole,lspoole63@wordpress.org,2023-09-18,,,,
221,Aubrie,Rosborough,arosborough64@sciencedaily.com,2022-04-11,,,,
222,Cynthy,Mildenhall,cmildenhall65@msu.edu,2019-12-30,2021-12-30,,,
223,Johannah,Pendergrast,jpendergrast66@joomla.org,2013-12-16,2015-12-16,2017-12-16,2022-12-16,2023-12-16
224,Karel,Chaim,kchaim67@mozilla.com,2013-07-14,2014-07-14,2017-07-14,2020-07-14,2021-07-14
225,Gunar,Trinke,gtrinke68@quantcast.com,2022-10-28,,,,
226,Zahara,Kohlert,zkohlert69@bluehost.com,2016-10-25,2018-10-25,2020-10-25,,
227,Jackelyn,Dolden,jdolden6a@bloglovin.com,2013-03-01,2014-03-01,2016-03-01,2021-03-01,2022-03-01
228,Silvano,Giorgetti,sgiorgetti6b@seattletimes.com,2016-11-25,2018-11-25,2021-11-25,,
229,Bili,Whitehorn,bwhitehorn6c@rakuten.co.jp,2019-03-21,2021-03-21,,,
230,Stillman,Algar,salgar6d@hhs.gov,2021-12-10,2023-12-10,,,
231,Paulie,Manners,pmanners6e@reuters.com,2018-06-25,2019-06-25,2021-06-25,,
232,Waylon,Barnard,wbarnard6f@parallels.com,2012-11-04,2014-11-04,2017-11-04,2022-11-04,
233,Kean,Autry,kautry6g@shinystat.com,2017-09-23,2019-09-23,2021-09-23,,
234,Bard,McGawn,bmcgawn6h@liveinternet.ru,2012-09-21,2014-09-21,2017-09-21,2021-09-21,2022-09-21
235,Spenser,Paulou,spaulou6i@mtv.com,2014-04-14,2015-04-14,2017-04-14,2021-04-14,2022-04-14
236,Michael,Hanigan,mhanigan6j@nytimes.com,2012-08-02,2014-08-02,2017-08-02,2020-08-02,2021-08-02
237,Pearl,Janak,pjanak6k@google.pl,2012-05-11,2014-05-11,2016-05-11,2019-05-11,2021-05-11
238,Ingamar,Gatus,igatus6l@eepurl.com,2023-10-11,,,,
239,Lawton,Aspy,laspy6m@xinhuanet.com,2016-02-06,2018-02-06,2021-02-06,,
240,Hubie,Ramage,hramage6n@sitemeter.com,2014-09-19,2016-09-19,2018-09-19,2021-09-19,2022-09-19
241,Ester,Dziwisz,edziwisz6o@edublogs.org,2021-08-01,2022-08-01,,,
242,Alessandra,Giroldo,agiroldo6p@apple.com,2016-10-21,2018-10-21,2020-10-21,2023-10-21,
243,Kristo,Piddlehinton,kpiddlehinton6q@amazon.de,2017-09-02,2019-09-02,2022-09-02,,
244,Oralia,Ulyatt,oulyatt6r@merriam-webster.com,2012-11-18,2013-11-18,2016-11-18,2019-11-18,2021-11-18
245,Beauregard,Judge,bjudge6s@studiopress.com,2014-09-16,2016-09-16,2018-09-16,2021-09-16,2022-09-16
246,Sheilah,Daal,sdaal6t@symantec.com,2017-04-29,2018-04-29,2021-04-29,,
247,Arnoldo,Lanphier,alanphier6u@wsj.com,2021-05-23,2022-05-23,,,
248,Crissie,Mayoh,cmayoh6v@blogtalkradio.com,2014-06-21,2016-06-21,2019-06-21,2023-06-21,
249,Kippie,Prewer,kprewer6w@slashdot.org,2016-09-26,2018-09-26,2020-09-26,,
250,Cherye,Bramble,cbramble6x@google.fr,2013-02-28,2015-02-28,2017-02-28,2020-02-28,2022-02-28
251,Shalne,Derisley,sderisley6y@toplist.cz,2023-03-11,,,,
252,Adria,Civitillo,acivitillo6z@nasa.gov,2019-04-09,2020-04-09,2023-04-09,,
253,Agace,Sterte,asterte70@desdev.cn,2013-08-13,2015-08-13,2017-08-13,2022-08-13,
254,Chrisy,Bercher,cbercher71@blogspot.com,2012-02-03,2013-02-03,2016-02-03,2019-02-03,2021-02-03
255,Colin,Townson,ctownson72@un.org,2015-03-08,2016-03-08,2018-03-08,2021-03-08,2022-03-08
256,Leonard,Besantie,lbesantie73@livejournal.com,2022-05-21,,,,
257,Tillie,Scarlett,tscarlett74@ezinearticles.com,2020-12-18,2022-12-18,,,
258,Vergil,MacAdie,vmacadie75@newyorker.com,2021-05-08,2022-05-08,,,
259,Danica,Rediers,drediers76@scribd.com,2018-05-01,2019-05-01,2021-05-01,,
260,Noel,Pisculli,npisculli77@weather.com,2015-01-28,2017-01-28,2020-01-28,,
261,Sela,Castanone,scastanone78@artisteer.com,2015-01-12,2017-01-12,2019-01-12,2022-01-12,2023-01-12
262,Fina,Manuely,fmanuely79@dedecms.com,2023-05-05,,,,
263,Aila,O'Meara,aomeara7a@nationalgeographic.com,2015-06-22,2017-06-22,2019-06-22,2022-06-22,
264,Morgan,Wheelhouse,mwheelhouse7b@sakura.ne.jp,2016-04-04,2018-04-04,2021-04-04,,
265,Val,Terry,vterry7c@skype.com,2017-04-12,2019-04-12,2022-04-12,,
266,Leone,Grahame,lgrahame7d@yellowbook.com,2015-06-10,2016-06-10,2019-06-10,2023-06-10,
267,Easter,Casham,ecasham7e@csmonitor.com,2012-06-06,2013-06-06,2015-06-06,2019-06-06,2020-06-06
268,Tabbatha,Yannoni,tyannoni7f@time.com,2021-04-23,2022-04-23,,,
269,Cully,Rubinowitz,crubinowitz7g@jiathis.com,2015-08-25,2017-08-25,2019-08-25,2023-08-25,
270,Catherina,Hassan,chassan7h@paginegialle.it,2017-08-31,2018-08-31,2021-08-31,,
271,Kristel,Gadsby,kgadsby7i@mac.com,2017-03-05,2018-03-05,2021-03-05,,
272,Lolly,Maple,lmaple7j@fema.gov,2021-07-21,2022-07-21,,,
273,Mabel,Kinforth,mkinforth7k@edublogs.org,2012-11-09,2013-11-09,2016-11-09,2021-11-09,2023-11-09
274,Fanechka,Chaulk,fchaulk7l@soundcloud.com,2021-09-23,2023-09-23,,,
275,Cherye,Semaine,csemaine7m@imdb.com,2023-07-04,,,,
276,Sianna,Caton,scaton7n@netlog.com,2012-06-02,2014-06-02,2016-06-02,2021-06-02,2023-06-02
277,Claire,Stotherfield,cstotherfield7o@com.com,2014-04-13,2015-04-13,2018-04-13,2023-04-13,
278,Laurie,Ducker,lducker7p@java.com,2013-11-23,2014-11-23,2016-11-23,2020-11-23,2022-11-23
279,Ariel,Febre,afebre7q@zdnet.com,2018-02-24,2019-02-24,2021-02-24,,
280,Ella,Kemme,ekemme7r@trellian.com,2013-09-28,2014-09-28,2016-09-28,2021-09-28,2022-09-28
281,Cornie,Brydon,cbrydon7s@guardian.co.uk,2018-04-01,2019-04-01,2022-04-01,,
282,Anatole,Mc Gaughey,amcgaughey7t@berkeley.edu,2017-02-16,2019-02-16,2021-02-16,,
283,Dorena,Torrejon,dtorrejon7u@slashdot.org,2022-10-07,,,,
284,Larina,Lattos,llattos7v@ibm.com,2016-07-07,2017-07-07,2020-07-07,2023-07-07,
285,Christoffer,Crichton,ccrichton7w@geocities.com,2013-09-12,2015-09-12,2018-09-12,2023-09-12,
286,Deina,Bwye,dbwye7x@cpanel.net,2020-01-15,2022-01-15,,,
287,Monty,Satyford,msatyford7y@wunderground.com,2020-01-18,2022-01-18,,,
288,Odilia,Nappin,onappin7z@buzzfeed.com,2014-02-16,2015-02-16,2018-02-16,2023-02-16,
289,Sapphire,Maving,smaving80@indiegogo.com,2012-09-02,2013-09-02,2015-09-02,2019-09-02,2021-09-02
290,Ellerey,Bradburn,ebradburn81@imdb.com,2019-09-19,2021-09-19,,,
291,Allie,Delea,adelea82@behance.net,2022-01-17,2023-01-17,,,
292,Micaela,Searsby,msearsby83@vinaora.com,2015-08-02,2016-08-02,2019-08-02,,
293,Tamarah,Kleinstub,tkleinstub84@issuu.com,2022-11-02,,,,
294,Rebeca,Astupenas,rastupenas85@xing.com,2019-04-12,2020-04-12,2023-04-12,,
295,Chantalle,Balint,cbalint86@reddit.com,2014-04-25,2016-04-25,2018-04-25,2021-04-25,2022-04-25
296,Herrick,Rraundl,hrraundl87@salon.com,2019-03-08,2020-03-08,2023-03-08,,
297,Adolf,Beminster,abeminster88@qq.com,2022-02-16,2023-02-16,,,
298,Gabie,Dowley,gdowley89@latimes.com,2017-12-24,2019-12-24,2022-12-24,,
299,Ryley,Drohan,rdrohan8a@cnet.com,2023-09-07,,,,
300,Alexi,Wroe,awroe8b@yahoo.com,2017-02-22,2019-02-22,2022-02-22,,
301,Sanderson,Dradey,sdradey8c@wunderground.com,2023-02-06,,,,
302,Graig,Hook,ghook8d@unesco.org,2018-09-22,2019-09-22,2021-09-22,,
303,Karlens,Dakin,kdakin8e@globo.com,2021-01-11,2023-01-11,,,
304,Minetta,Postle,mpostle8f@histats.com,2013-01-28,2015-01-28,2018-01-28,2021-01-28,2022-01-28
305,Chryste,Ellwand,cellwand8g@trellian.com,2013-08-29,2014-08-29,2016-08-29,2020-08-29,2022-08-29
306,Reinald,Yackiminie,ryackiminie8h@msn.com,2014-08-03,2015-08-03,2017-08-03,2021-08-03,2023-08-03
307,Sabrina,Clute,sclute8i@samsung.com,2015-05-20,2017-05-20,2019-05-20,,
308,Reggie,Baszniak,rbaszniak8j@chicagotribune.com,2016-07-04,2018-07-04,2021-07-04,,
309,Ardella,Bing,abing8k@facebook.com,2019-02-26,2021-02-26,,,
310,Hamlen,Maton,hmaton8l@sun.com,2016-07-19,2017-07-19,2019-07-19,,
311,Julie,Messum,jmessum8m@hatena.ne.jp,2018-04-12,2019-04-12,2021-04-12,,
312,Nadine,Jenson,njenson8n@nydailynews.com,2020-11-01,2021-11-01,,,
313,Faina,Dickenson,fdickenson8o@barnesandnoble.com,2013-11-27,2014-11-27,2017-11-27,2020-11-27,2021-11-27
314,Obed,Foote,ofoote8p@mail.ru,2020-01-11,2021-01-11,,,
315,Leisha,Mallon,lmallon8q@pinterest.com,2013-07-14,2014-07-14,2017-07-14,2020-07-14,2022-07-14
316,Chad,Hunston,chunston8r@springer.com,2015-03-27,2017-03-27,2019-03-27,2023-03-27,
317,Zorah,Meritt,zmeritt8s@fotki.com,2021-03-18,2023-03-18,,,
318,Roy,Cowl,rcowl8t@dmoz.org,2013-09-13,2014-09-13,2016-09-13,2019-09-13,2020-09-13
319,Kelsey,Vennart,kvennart8u@4shared.com,2020-11-03,2022-11-03,,,
320,Fara,Larking,flarking8v@vk.com,2023-12-16,,,,
321,Norry,Tran,ntran8w@nhs.uk,2014-02-05,2015-02-05,2017-02-05,2022-02-05,2023-02-05
322,Amby,Waycot,awaycot8x@apache.org,2015-10-20,2016-10-20,2019-10-20,2022-10-20,
323,Jere,Gundrey,jgundrey8y@wikipedia.org,2020-12-04,2021-12-04,,,
324,Nora,Trevarthen,ntrevarthen8z@yahoo.co.jp,2018-08-26,2019-08-26,2022-08-26,,
325,Marlo,Gulliver,mgulliver90@tinypic.com,2013-01-06,2014-01-06,2016-01-06,2020-01-06,2021-01-06
326,Bibi,Carryer,bcarryer91@ucoz.com,2022-05-21,2023-05-21,,,
327,Wilhelmine,Unitt,wunitt92@csmonitor.com,2019-07-22,2020-07-22,2022-07-22,,
328,Jorgan,Lealle,jlealle93@netvibes.com,2019-08-26,2021-08-26,2023-08-26,,
329,Gilbertina,Koubek,gkoubek94@state.gov,2016-12-24,2017-12-24,2020-12-24,,
330,Tod,Heintsch,theintsch95@un.org,2020-03-24,2022-03-24,,,
331,Hedvige,Rude,hrude96@nbcnews.com,2022-05-06,,,,
332,Terencio,Dennitts,tdennitts97@google.pl,2018-05-11,2020-05-11,2023-05-11,,
333,Karna,Cofax,kcofax98@mysql.com,2019-09-27,2020-09-27,2023-09-27,,
334,Maude,Lynock,mlynock99@usda.gov,2012-12-03,2013-12-03,2016-12-03,2021-12-03,2023-12-03
335,Aksel,Redmore,aredmore9a@bluehost.com,2019-09-09,2021-09-09,,,
336,Brand,Duggon,bduggon9b@de.vu,2022-06-04,2023-06-04,,,
337,Leonie,Clayden,lclayden9c@columbia.edu,2020-02-09,2021-02-09,,,
338,Simonne,Iverson,siverson9d@sitemeter.com,2014-01-08,2015-01-08,2018-01-08,2022-01-08,2023-01-08
339,Renado,Bonnar,rbonnar9e@shop-pro.jp,2020-11-19,2022-11-19,,,
340,Shalom,Shurlock,sshurlock9f@webnode.com,2015-05-27,2017-05-27,2020-05-27,,
341,Althea,Cohn,acohn9g@harvard.edu,2012-01-19,2013-01-19,2016-01-19,2019-01-19,2021-01-19
342,Jojo,Gargett,jgargett9h@wikimedia.org,2021-12-15,2022-12-15,,,
343,Angelika,Hulance,ahulance9i@washington.edu,2023-11-25,,,,
344,Brendan,Ricci,bricci9j@gnu.org,2022-08-30,2023-08-30,,,
345,Karel,Teece,kteece9k@paginegialle.it,2014-08-07,2015-08-07,2018-08-07,2023-08-07,
346,Lurlene,Hoonahan,lhoonahan9l@about.com,2021-12-23,2022-12-23,,,
347,Anne-corinne,Garvey,agarvey9m@blogtalkradio.com,2014-04-24,2016-04-24,2018-04-24,2021-04-24,2023-04-24
348,Chan,Privost,cprivost9n@dyndns.org,2023-01-06,,,,
349,Gabrila,Ulyet,gulyet9o@dmoz.org,2020-01-22,2021-01-22,,,
350,Flory,Cellone,fcellone9p@nature.com,2018-07-07,2019-07-07,2022-07-07,,
351,Lin,Hornig,lhornig9q@washingtonpost.com,2019-04-04,2020-04-04,2022-04-04,,
352,Fanny,Greeding,fgreeding9r@unesco.org,2016-12-31,2018-12-31,2021-12-31,,
353,Xavier,Blazey,xblazey9s@histats.com,2021-10-13,2022-10-13,,,
354,Lynn,Fannon,lfannon9t@yellowpages.com,2023-04-07,,,,
355,Hetti,Clothier,hclothier9u@wp.com,2021-09-01,2023-09-01,,,
356,Suellen,Kenwood,skenwood9v@bbc.co.uk,2022-09-14,2023-09-14,,,
357,Valdemar,MacCaughan,vmaccaughan9w@yellowpages.com,2016-07-01,2018-07-01,2020-07-01,,
358,Shaine,Hurll,shurll9x@unc.edu,2016-10-11,2018-10-11,2021-10-11,,
359,Evita,Quilkin,equilkin9y@jigsy.com,2012-11-22,2013-11-22,2016-11-22,2019-11-22,2020-11-22
360,Florinda,Gilders,fgilders9z@adobe.com,2013-03-18,2014-03-18,2016-03-18,2021-03-18,2022-03-18
361,Davy,Grayer,dgrayera0@yellowpages.com,2013-10-23,2014-10-23,2016-10-23,2021-10-23,2023-10-23
362,Henrik,Kelway,hkelwaya1@loc.gov,2015-12-07,2017-12-07,2020-12-07,2023-12-07,
363,Alberta,Brownsell,abrownsella2@illinois.edu,2017-05-09,2019-05-09,2022-05-09,,
364,Antonetta,Bridgwater,abridgwatera3@nydailynews.com,2021-08-31,2022-08-31,,,
365,Lewiss,cornhill,lcornhilla4@columbia.edu,2013-04-19,2015-04-19,2017-04-19,2021-04-19,2022-04-19
366,Erna,Drohane,edrohanea5@nhs.uk,2016-07-13,2018-07-13,2021-07-13,,
367,Bibbie,Jelliman,bjellimana6@uol.com.br,2012-12-29,2013-12-29,2015-12-29,2019-12-29,2021-12-29
368,Nickolas,Nowlan,nnowlana7@mysql.com,2014-01-12,2015-01-12,2018-01-12,2022-01-12,
369,Paige,Jorgensen,pjorgensena8@pcworld.com,2014-12-30,2015-12-30,2018-12-30,2021-12-30,2023-12-30
370,Engelbert,Ellick,eellicka9@chronoengine.com,2023-04-14,,,,
371,Kelcie,Matyatin,kmatyatinaa@diigo.com,2014-04-26,2015-04-26,2018-04-26,2021-04-26,2022-04-26
372,Lurette,Yeudall,lyeudallab@bloglovin.com,2014-11-16,2016-11-16,2018-11-16,2021-11-16,2023-11-16
373,Joanie,Kirkbright,jkirkbrightac@nationalgeographic.com,2014-10-20,2015-10-20,2017-10-20,2022-10-20,
374,Kissee,Derill,kderillad@livejournal.com,2022-10-30,,,,
375,Sabrina,Child,schildae@angelfire.com,2016-05-17,2017-05-17,2019-05-17,2023-05-17,
376,Jason,Redsell,jredsellaf@bloomberg.com,2016-08-18,2017-08-18,2020-08-18,,
377,Shina,Lighton,slightonag@vimeo.com,2021-12-09,2022-12-09,,,
378,Petronilla,Myrtle,pmyrtleah@imdb.com,2021-04-01,2023-04-01,,,
379,Alexander,Sherwin,asherwinai@scribd.com,2018-03-05,2020-03-05,2023-03-05,,
380,Lorena,Pirot,lpirotaj@bbc.co.uk,2015-11-19,2016-11-19,2018-11-19,2021-11-19,2022-11-19
381,Carmine,Yokelman,cyokelmanak@berkeley.edu,2020-03-15,2021-03-15,2023-03-15,,
382,Nealy,Lissemore,nlissemoreal@businessinsider.com,2021-09-17,2022-09-17,,,
383,Vilhelmina,Twinborough,vtwinborougham@bbb.org,2012-02-17,2014-02-17,2017-02-17,2020-02-17,2021-02-17
384,Bobby,Rowatt,browattan@linkedin.com,2015-03-03,2016-03-03,2018-03-03,2022-03-03,2023-03-03
385,Louise,Aylott,laylottao@wp.com,2013-10-30,2014-10-30,2016-10-30,2020-10-30,2022-10-30
386,Ariel,Huguet,ahuguetap@bloglines.com,2017-03-31,2018-03-31,2021-03-31,,
387,Riley,McCrohon,rmccrohonaq@gov.uk,2012-02-04,2013-02-04,2015-02-04,2019-02-04,2020-02-04
388,Shelley,Gavan,sgavanar@amazon.co.jp,2018-02-23,2019-02-23,2021-02-23,,
389,Timothea,Mountlow,tmountlowas@de.vu,2020-03-04,2022-03-04,,,
390,Beck,Huncote,bhuncoteat@liveinternet.ru,2013-01-09,2014-01-09,2016-01-09,2021-01-09,2023-01-09
391,Rozelle,Pidler,rpidlerau@ameblo.jp,2012-11-03,2013-11-03,2016-11-03,2019-11-03,2020-11-03
392,Aaren,Beake,abeakeav@businesswire.com,2023-04-07,,,,
393,Jeannette,Orknay,jorknayaw@vistaprint.com,2019-04-26,2020-04-26,2023-04-26,,
394,Alanson,Lytlle,alytlleax@mtv.com,2015-03-27,2017-03-27,2019-03-27,2022-03-27,
395,Kristel,Latham,klathamay@hao123.com,2016-10-16,2018-10-16,2020-10-16,2023-10-16,
396,Gerek,Sollett,gsollettaz@nih.gov,2017-04-14,2019-04-14,2021-04-14,,
397,Petunia,Kryzhov,pkryzhovb0@wordpress.com,2013-04-03,2015-04-03,2018-04-03,2022-04-03,2023-04-03
398,Tiler,Levesley,tlevesleyb1@cbc.ca,2014-04-26,2016-04-26,2018-04-26,2022-04-26,2023-04-26
399,Shina,Bimson,sbimsonb2@bizjournals.com,2018-08-07,2019-08-07,2022-08-07,,
400,Elna,Refford,ereffordb3@squidoo.com,2018-05-12,2019-05-12,2021-05-12,,
